0.000000 0.000000 -1.190000 0.000000 0.000000 0.000000
0.400972 0.000000 -1.239944 8.744842 0.000000 -0.694784
0.874484 0.000000 -1.259478 9.465911 0.000000 -0.488757
1.347563 0.000000 -1.288819 9.469500 0.000000 -0.568504
1.821434 0.000000 -1.316329 9.483797 -0.000000 -0.491800
2.295943 -0.000000 -1.337999 9.495773 0.000000 -0.351971
2.771011 0.000000 -1.351526 9.500173 -0.000000 -0.320600
3.245960 -0.000000 -1.370059 9.505582 -0.000000 -0.160803
3.721570 -0.000000 -1.367606 9.509387 0.000000 0.134235
4.196899 0.000000 -1.356636 9.508202 -0.000000 0.180975
4.672390 -0.000000 -1.349509 9.505668 0.000000 -0.138066
5.147465 0.000000 -1.370443 9.490870 0.000000 -0.587502
5.621477 0.000000 -1.408259 9.472263 -0.000000 -0.843862
6.094692 -0.000000 -1.454829 9.436397 0.000000 -1.159333
6.565117 0.000000 -1.524192 9.374705 0.000000 -1.580779
7.032162 0.000000 -1.612907 9.284189 -0.000000 -2.043266
7.493535 -0.000000 -1.728519 9.149542 0.000000 -2.560124
7.947116 0.000000 -1.868919 8.968868 -0.000000 -3.116441
8.390422 -0.000000 -2.040163 9.027049 -0.000000 -2.880592
8.849821 -0.000000 -2.156978 9.324821 0.000000 -1.519994
9.322904 0.000000 -2.192162 9.483454 0.000000 -0.229411
9.798167 0.000000 -2.179919 9.509556 0.000000 0.122139
10.273860 0.000000 -2.179948 9.509336 -0.000000 -0.127685
10.749100 -0.000000 -2.192688 9.507092 0.000000 -0.192238
11.224569 0.000000 -2.199172 9.508262 -0.000000 -0.170686
11.699926 -0.000000 -2.209756 9.510295 0.000000 -0.110886
12.175599 0.000000 -2.210261 9.510450 -0.000000 -0.112152
12.650971 -0.000000 -2.220972 9.510905 0.000000 -0.096560
13.126689 0.000000 -2.219917 9.513569 -0.000000 -0.016735
13.602328 -0.000000 -2.222645 9.507866 0.000000 -0.001513
14.077476 0.000000 -2.220068 9.506054 0.000000 0.108743
14.552934 0.000000 -2.211771 9.509607 -0.000000 0.151127
15.028436 -0.000000 -2.204956 9.510172 0.000000 0.107418
15.503951 0.000000 -2.201029 9.507608 0.000000 -0.119607
15.979197 0.000000 -2.216916 9.494171 -0.000000 -0.524310
16.453368 -0.000000 -2.253460 9.476827 -0.000000 -0.805712
16.926880 -0.000000 -2.297488 9.460390 0.000000 -0.986111
17.399407 0.000000 -2.352071 9.432472 -0.000000 -1.215119
17.870127 -0.000000 -2.418999 9.390104 0.000000 -1.490540
18.338417 0.000000 -2.501125 9.336501 -0.000000 -1.798471
18.803777 -0.000000 -2.598847 9.296631 -0.000000 -1.995214
19.268080 -0.000000 -2.700647 9.310621 -0.000000 -1.921800
19.734839 -0.000000 -2.791027 9.327838 -0.000000 -1.837750
20.200864 -0.000000 -2.884422 9.399656 -0.000000 -1.293775
20.674805 -0.000000 -2.920404 9.496927 -0.000000 -0.366677
21.150557 -0.000000 -2.921089 9.506823 0.000000 0.005544
21.625487 0.000000 -2.919850 9.500009 -0.000000 -0.183804
22.100558 -0.000000 -2.939470 9.492919 0.000000 -0.546876
22.574779 0.000000 -2.974537 9.454252 -0.000000 -0.991468
23.045983 -0.000000 -3.038617 9.425084 0.000000 -1.268336
23.517288 0.000000 -3.101371 9.416028 0.000000 -1.331146
23.987586 0.000000 -3.171731 9.400343 -0.000000 -1.440644
24.457322 -0.000000 -3.245435 9.366236 0.000000 -1.649191
24.924210 0.000000 -3.336650 9.347915 -0.000000 -1.760745
25.392113 -0.000000 -3.421510 9.344649 -0.000000 -1.768242
25.858674 -0.000000 -3.513474 9.370793 0.000000 -1.619127
26.329193 0.000000 -3.583422 9.420731 0.000000 -1.298226
26.800748 0.000000 -3.643297 9.467099 -0.000000 -0.764452
27.275903 -0.000000 -3.659868 9.508361 -0.000000 -0.166494
27.751584 -0.000000 -3.659946 9.503642 0.000000 0.308027
28.226267 0.000000 -3.629065 9.498230 0.000000 0.494947
28.701407 0.000000 -3.610452 9.505686 -0.000000 0.278750
29.176835 -0.000000 -3.601190 9.508297 -0.000000 0.207613
29.652236 -0.000000 -3.589690 9.510527 0.000000 0.095055
30.127888 0.000000 -3.591684 9.507085 0.000000 -0.266608
30.602945 0.000000 -3.616351 9.493867 -0.000000 -0.588335
31.077275 -0.000000 -3.650518 9.479786 -0.000000 -0.761225
31.550924 -0.000000 -3.692474 9.457287 0.000000 -0.992960
32.023003 0.000000 -3.749814 9.413936 -0.000000 -1.337991
32.492317 -0.000000 -3.826273 9.349234 0.000000 -1.725562
32.957927 0.000000 -3.922370 9.262769 0.000000 -2.145863
33.418594 0.000000 -4.040859 9.174027 -0.000000 -2.497463
33.875330 -0.000000 -4.172116 9.161264 0.000000 -2.529263
34.334721 0.000000 -4.293785 9.287744 -0.000000 -1.941871
34.804104 -0.000000 -4.366304 9.444384 -0.000000 -0.862263
35.279159 -0.000000 -4.380012 9.506552 -0.000000 -0.110301
35.754759 -0.000000 -4.377334 9.510404 0.000000 0.101045
36.230199 0.000000 -4.369907 9.511309 -0.000000 0.073328
36.705890 -0.000000 -4.370001 9.513781 -0.000000 -0.000929
37.181577 -0.000000 -4.370000 9.513750 0.000000 0.000008
37.657265 0.000000 -4.370000 9.513750 0.000000 0.000001
38.132952 0.000000 -4.370000 9.513750 0.000000 -0.000000
38.608640 0.000000 -4.370000 9.513751 -0.000000 0.000038
39.084328 -0.000000 -4.369996 9.513770 -0.000000 0.000755
39.560017 -0.000000 -4.369924 9.513206 0.000000 -0.020687
40.035648 0.000000 -4.372065 9.511149 0.000000 -0.098952
40.511132 0.000000 -4.379820 9.510356 -0.000000 -0.126480
40.986684 -0.000000 -4.384713 9.510292 0.000000 -0.123421
41.462161 0.000000 -4.392162 9.509108 -0.000000 -0.160855
41.937595 -0.000000 -4.400798 9.508517 0.000000 -0.178105
42.413013 0.000000 -4.409972 9.507781 -0.000000 -0.190088
42.888373 -0.000000 -4.419807 9.507124 0.000000 -0.198915
43.363725 0.000000 -4.429864 9.510436 -0.000000 -0.104546
43.839416 -0.000000 -4.430262 9.510403 0.000000 0.104476
44.314765 0.000000 -4.419416 9.504306 0.000000 0.302564
44.789847 0.000000 -4.400005 9.504737 -0.000000 0.309940
45.265239 -0.000000 -4.388422 9.505264 0.000000 -0.119563
45.740373 0.000000 -4.411962 9.494698 0.000000 -0.579749
46.214709 0.000000 -4.446397 9.459763 -0.000000 -0.942513
46.686349 -0.000000 -4.506213 9.414117 -0.000000 -1.348266
47.156121 -0.000000 -4.581224 9.384762 0.000000 -1.557716
47.624826 0.000000 -4.661985 9.334388 -0.000000 -1.812751
48.089559 -0.000000 -4.762499 9.256320 0.000000 -2.181374
48.550458 0.000000 -4.880122 9.193230 -0.000000 -2.444487
49.008882 -0.000000 -5.006948 9.147201 0.000000 -2.602803
49.465178 0.000000 -5.140402 9.149026 0.000000 -2.587990
49.923785 0.000000 -5.265747 9.228692 0.000038 -2.271895
50.388047 0.000004 -5.367592 9.363422 0.004761 -1.569656
50.860127 0.000476 -5.422712 9.471891 -0.087781 -0.633741
51.335236 -0.008774 -5.430966 9.497802 -0.295145 0.020352
51.809907 -0.029038 -5.420677 9.496738 -0.315576 0.209374
52.284910 -0.040332 -5.410029 9.504546 -0.118356 0.020123
52.760362 -0.040874 -5.418665 9.498892 0.184378 -0.283621
53.234799 -0.021894 -5.438391 9.458888 0.713651 -0.518065
53.706251 0.030491 -5.470471 9.373225 1.352733 -0.692682
54.172122 0.113379 -5.507659 9.183907 2.136635 -0.916672
54.624641 0.244155 -5.562138 8.838082 3.194514 -1.144134
55.055930 0.432831 -5.622072 8.525083 3.973716 -1.251365
55.477150 0.641526 -5.687275 8.664313 3.684096 -0.983118
55.922361 0.801240 -5.720384 9.104982 2.525558 -0.443830
56.387648 0.894082 -5.731658 9.376981 1.384837 -0.241341
56.860059 0.939724 -5.744518 9.471712 0.555230 -0.322669
57.334819 0.949605 -5.763925 9.498263 0.125689 -0.370124
57.809886 0.952293 -5.781530 9.491715 0.227686 -0.482393
58.283991 0.972374 -5.812164 9.479110 0.506522 -0.586220
58.757797 1.002945 -5.840152 9.413907 1.066511 -0.574251
59.225381 1.079025 -5.869589 9.246064 1.931037 -0.819436
59.682403 1.196049 -5.922096 8.910692 2.974063 -1.142404
60.116451 1.376431 -5.983830 8.587263 3.794076 -1.339442
60.541129 1.575456 -6.056040 8.605340 3.819865 -1.106826
60.976985 1.758418 -6.094512 8.961373 2.964601 -0.646194
61.437267 1.871916 -6.120660 9.318652 1.725006 -0.254010
61.908850 1.930918 -6.119913 9.464018 0.779229 -0.094612
62.383668 1.949839 -6.130121 9.499024 0.285268 -0.212485
62.858752 1.959445 -6.141162 9.502475 -0.006143 -0.202414
63.333916 1.949225 -6.150362 9.506458 -0.084341 -0.183230
63.809398 1.951011 -6.159485 9.504978 -0.081555 -0.232052
64.284414 1.941069 -6.173568 9.499040 -0.204454 -0.308636
64.759302 1.930565 -6.190348 9.499004 -0.199071 -0.289071
65.234314 1.921162 -6.202475 9.491767 -0.204373 -0.404525
65.708479 1.910128 -6.230801 9.473133 -0.212854 -0.729472
66.181627 1.899877 -6.275422 9.461352 -0.016763 -0.851497
66.654614 1.908452 -6.315951 9.443784 0.395860 -0.844502
67.126006 1.939463 -6.359872 9.431726 0.780241 -0.751820
67.597786 1.986476 -6.391133 9.439678 0.987432 -0.397797
68.069974 2.038206 -6.399652 9.446404 1.054426 -0.088700
68.542427 2.091918 -6.400003 9.449011 1.090390 -0.005385
69.014875 2.147245 -6.400190 9.451438 1.064170 -0.095382
69.487571 2.198335 -6.409541 9.446672 1.090433 -0.090975
69.959542 2.256288 -6.409288 9.434588 1.182064 -0.099715
70.431029 2.316542 -6.419512 9.429574 1.198296 -0.226753
70.902499 2.376118 -6.431963 9.446684 1.011128 -0.294706
71.375698 2.417655 -6.448983 9.464256 0.810940 -0.347188
71.848925 2.457212 -6.466682 9.475188 0.614255 -0.395528
72.323217 2.479080 -6.488536 9.484628 0.240392 -0.602361
72.797388 2.481251 -6.526918 9.452659 -0.350541 -0.877482
73.268483 2.444026 -6.576284 9.344750 -1.100351 -1.219210
73.731863 2.371216 -6.648839 9.314310 -1.353977 -1.243445
74.199914 2.308628 -6.700628 9.414290 -0.732389 -0.716420
74.673292 2.297977 -6.720481 9.481893 0.043391 -0.297750
75.148103 2.312967 -6.730403 9.475295 0.612631 -0.229428
75.620821 2.359240 -6.743424 9.450827 0.951168 -0.322928
76.093186 2.408084 -6.762696 9.437296 1.082966 -0.386815
76.564551 2.467537 -6.782105 9.432443 1.119495 -0.407197
77.036430 2.520034 -6.803416 9.429272 1.095800 -0.475016
77.507478 2.577117 -6.829607 9.423016 1.090293 -0.553123
77.978731 2.629063 -6.858728 9.422657 1.016706 -0.700645
78.449744 2.678787 -6.899671 9.422274 0.699411 -0.950076
78.920959 2.699004 -6.953736 9.442531 0.309974 -0.898271
79.393997 2.709785 -6.989499 9.473195 0.009349 -0.566558
79.868278 2.699939 -7.010392 9.493846 -0.206049 -0.265838
80.343381 2.689180 -7.016082 9.505190 -0.165724 -0.085300
80.818797 2.683367 -7.018922 9.506859 -0.084904 -0.136189
81.294067 2.680690 -7.029701 9.506741 -0.131982 -0.109917
81.769471 2.670168 -7.029913 9.505144 -0.215315 -0.113078
82.244582 2.659158 -7.041009 9.508422 -0.101786 -0.100758
82.720313 2.659990 -7.039989 9.509305 -0.080148 0.107298
83.195512 2.651143 -7.030279 9.505924 -0.203013 0.099854
83.670906 2.639688 -7.030004 9.508114 -0.222449 0.002795
84.146324 2.628898 -7.030000 9.509481 -0.170874 0.000038
84.621854 2.622601 -7.030000 9.511223 -0.100544 -0.000004
85.097446 2.618844 -7.030000 9.510837 -0.112030 -0.000000
85.572938 2.611398 -7.030000 9.508791 -0.188549 0.000000
86.048325 2.599989 -7.030000 9.509639 -0.156302 0.000000
86.523902 2.595768 -7.030000 9.511267 -0.094161 0.000000
86.999452 2.590573 -7.030000 9.509976 -0.148040 -0.000000
87.474899 2.580964 -7.030000 9.508412 -0.213483 -0.000000
87.950293 2.569225 -7.030000 9.508134 -0.219084 0.000000
88.425713 2.559055 -7.030000 9.509760 -0.154604 0.000000
88.901269 2.553764 -7.030000 9.511430 -0.093166 0.000000
89.376856 2.549739 -7.030000 9.510194 -0.137236 -0.000000
89.852288 2.540041 -7.030000 9.508908 -0.188689 0.000000
90.327746 2.530870 -7.030000 9.510426 -0.131302 0.000000
90.803331 2.526911 -7.030000 9.511214 -0.096853 -0.000000
91.278868 2.521185 -7.030000 9.509444 -0.163534 -0.000000
91.754275 2.510557 -7.030000 9.508031 -0.223026 -0.000000
92.229671 2.498882 -7.030000 9.508570 -0.207227 0.000000
92.705132 2.489835 -7.030000 9.510396 -0.134235 -0.000000
93.180711 2.485458 -7.030000 9.511264 -0.099425 -0.000000
93.656259 2.479892 -7.030000 9.509412 -0.167704 0.000000
94.131652 2.468688 -7.030000 9.509172 -0.174070 0.000000
94.607176 2.462485 -7.030000 9.511135 -0.100050 -0.000000
95.082765 2.458683 -7.030000 9.510899 -0.112851 -0.000000
95.558266 2.451200 -7.030000 9.509098 -0.186224 0.000000
96.033675 2.440061 -7.030000 9.508143 -0.224140 0.000170
96.509080 2.428786 -7.029983 9.508825 -0.190534 0.001768
96.984558 2.421007 -7.029823 9.508646 -0.082322 0.110951
97.459945 2.420554 -7.018888 9.508175 -0.118588 0.098679
97.935375 2.409148 -7.019955 9.508552 -0.214120 -0.011142
98.410800 2.399142 -7.020002 9.509862 -0.148466 -0.000953
98.886361 2.394302 -7.020051 9.511451 -0.088886 -0.001671
99.361945 2.390253 -7.020169 9.505342 -0.132923 0.201485
99.836895 2.381010 -6.999902 9.500649 -0.213817 0.310339
100.312010 2.368872 -6.989135 9.506047 -0.209231 0.098818
100.787500 2.360086 -6.990020 9.508419 -0.117443 -0.113737
101.262852 2.357127 -7.000509 9.504817 -0.087749 -0.270415
101.737982 2.351312 -7.017062 9.499058 -0.170399 -0.408986
102.212758 2.340087 -7.041408 9.485468 -0.201961 -0.619421
102.686529 2.331115 -7.079004 9.464517 -0.184336 -0.854653
103.159209 2.321654 -7.126873 9.448061 -0.109318 -1.029638
103.631335 2.320184 -7.181968 9.417716 -0.116653 -1.250488
104.100981 2.309988 -7.251922 9.350970 -0.204788 -1.651417
104.566432 2.299705 -7.347109 9.314404 -0.210281 -1.830225
105.032421 2.288960 -7.434944 9.362875 -0.349976 -1.434646
105.502719 2.264707 -7.490574 9.438396 -0.551884 -0.739243
105.976261 2.233772 -7.508868 9.486510 -0.348553 -0.293387
106.451370 2.229852 -7.519913 9.496449 0.078003 -0.347094
106.925906 2.241572 -7.543578 9.461200 0.622017 -0.563987
107.397490 2.292054 -7.576311 9.378124 1.370725 -0.656722
107.863718 2.378645 -7.609250 9.252754 2.009528 -0.786073
108.322765 2.493006 -7.654919 8.980320 2.837178 -1.070671
108.761750 2.662363 -7.716317 8.654172 3.699887 -1.199547
109.188183 2.862995 -7.774873 8.440717 4.149528 -1.279089
109.605822 3.077315 -7.844226 8.583457 3.810595 -1.131190
110.046528 3.244055 -7.887992 9.074791 2.508985 -0.551306
110.513301 3.328214 -7.899357 9.401964 1.170585 -0.220827
110.986725 3.361113 -7.910075 9.491701 0.321554 -0.106174
111.462471 3.360369 -7.909974 9.511738 -0.106947 0.008208
111.937899 3.350418 -7.909254 9.504952 -0.230782 -0.099168
112.412966 3.337291 -7.919891 9.501721 -0.282530 -0.187768
112.888071 3.322165 -7.928031 9.501741 -0.285035 -0.204839
113.363140 3.308788 -7.940375 9.502281 -0.024401 -0.218380
113.838299 3.319725 -7.949869 9.495355 0.362248 -0.295156
114.312676 3.345012 -7.969890 9.467161 0.709872 -0.453889
114.785015 3.390712 -7.995258 9.394612 1.255430 -0.602978
115.252137 3.470555 -8.030188 9.225584 2.054811 -0.864038
115.707573 3.596194 -8.081662 8.890116 3.099808 -1.100341
116.141149 3.780536 -8.140222 8.591927 3.813793 -1.317921
116.566766 3.977573 -8.213454 8.680280 3.655142 -1.010471
117.009177 4.146050 -8.241269 9.088070 2.564174 -0.458813
117.475573 4.233990 -8.259335 9.379125 1.439760 -0.337803
117.947089 4.290026 -8.275050 9.449806 0.927757 -0.376434
118.420554 4.326766 -8.296979 9.480690 0.548829 -0.399309
118.895158 4.344909 -8.314981 9.485585 0.478361 -0.431419
119.369112 4.374602 -8.340120 9.468110 0.705508 -0.501606
119.841969 4.415460 -8.365141 9.441153 0.937044 -0.584226
120.313227 4.468307 -8.398543 9.394660 1.292940 -0.623724
120.781435 4.544754 -8.427514 9.319376 1.647195 -0.836853
121.245165 4.633026 -8.482228 9.280002 1.812021 -1.013211
121.709435 4.725956 -8.528835 9.313129 1.716673 -0.778251
122.176478 4.804693 -8.560053 9.390012 1.240260 -0.522233
122.648437 4.849982 -8.581058 9.466750 0.649618 -0.296292
123.123153 4.869655 -8.589683 9.503873 0.199185 -0.088433
123.598824 4.869901 -8.589901 9.507389 0.108012 -0.107696
124.073892 4.880456 -8.600452 9.507774 0.100706 -0.103140
124.549601 4.879971 -8.600215 9.511552 -0.004874 -0.090147
125.025047 4.879969 -8.609467 9.509307 0.035252 -0.063661
125.500532 4.883497 -8.606581 9.508398 0.098999 0.093315
125.975887 4.889869 -8.600135 9.510356 0.064769 0.065948
126.451568 4.889974 -8.599987 9.513865 -0.008695 0.004023
126.927273 4.888999 -8.599733 9.508736 0.100056 0.100642
127.402441 4.899979 -8.589923 9.508557 0.109761 0.098095
127.878129 4.899976 -8.589923 9.513781 -0.000529 -0.000759
128.353819 4.899926 -8.589998 9.513684 0.003498 -0.000698
128.829497 4.900325 -8.589993 9.511548 0.098143 0.009428
129.304974 4.909741 -8.589056 9.508683 0.096796 -0.100728
129.780366 4.910005 -8.600066 9.509342 -0.008097 -0.169971
130.255908 4.908931 -8.606053 9.504669 0.097339 -0.211452
130.730832 4.919739 -8.621211 9.500680 0.110748 -0.306682
131.205976 4.920006 -8.636721 9.502939 0.003723 -0.295977
131.681126 4.920111 -8.650809 9.491151 0.097499 -0.446706
132.155092 4.929756 -8.681391 9.479403 0.098883 -0.664026
132.629067 4.929999 -8.717212 9.479821 0.002404 -0.683892
133.103074 4.929996 -8.749781 9.478927 0.052070 -0.628570
133.576959 4.935206 -8.780069 9.485285 0.099927 -0.482101
134.051602 4.939989 -8.797991 9.501366 0.048057 -0.230091
134.527096 4.940012 -8.803078 9.510079 -0.011309 -0.109399
135.002610 4.938858 -8.808931 9.504740 0.097119 -0.169026
135.477570 4.949724 -8.819980 9.503106 0.111450 -0.221520
135.952921 4.950003 -8.831083 9.510691 0.003297 -0.100087
136.428639 4.950054 -8.829989 9.511750 0.083538 0.010833
136.904096 4.958357 -8.829999 9.510965 0.100236 -0.000111
137.379735 4.960077 -8.830000 9.513293 0.016464 -0.000006
137.855425 4.960003 -8.830000 9.514056 -0.011588 0.000000
138.331141 4.958919 -8.830000 9.511113 0.100293 0.000000
138.806536 4.970032 -8.830000 9.510838 0.110760 -0.000000
139.282225 4.969995 -8.830000 9.513710 0.001621 -0.000000
139.757907 4.970194 -8.830000 9.511034 0.108680 0.000000
140.233328 4.980863 -8.830000 9.511288 0.098544 -0.000000
140.709036 4.980049 -8.830000 9.513956 -0.008261 0.000000
141.184724 4.980037 -8.830000 9.512514 0.049459 0.000000
141.660288 4.984995 -8.830000 9.511270 0.099281 0.000000
142.135851 4.989965 -8.830000 9.512510 0.049633 -0.000002
142.611539 4.989958 -8.830000 9.513956 -0.008213 -0.000044
143.087246 4.989143 -8.830004 9.511268 0.098446 0.000902
143.562665 4.999803 -8.829910 9.509519 0.108344 0.060999
144.038198 4.999978 -8.823905 9.511220 0.002063 0.099182
144.513787 5.000009 -8.819992 9.511670 0.044148 0.039099
144.989365 5.004392 -8.819995 9.511272 0.099261 -0.000080
145.464915 5.009935 -8.820000 9.512362 0.055625 -0.000054
145.940602 5.009955 -8.820000 9.514014 -0.010018 -0.000001
146.416316 5.008933 -8.820000 9.511165 0.098315 0.000000
146.891718 5.019787 -8.820000 9.510839 0.110707 0.000000
147.367400 5.020004 -8.820000 9.513701 0.001853 -0.000000
147.843088 5.019972 -8.820000 9.510825 0.111216 -0.000000
148.318482 5.031126 -8.820000 9.511109 0.100446 0.000000
148.794199 5.030016 -8.820000 9.514003 -0.009545 0.000000
149.269883 5.030171 -8.820000 9.511853 0.075932 0.000000
149.745384 5.037610 -8.820000 9.511282 0.098802 -0.000000
150.221011 5.040051 -8.820000 9.513173 0.023130 0.000000
150.696702 5.039923 -8.820000 9.513741 0.000314 0.000000
151.172385 5.040083 -8.820000 9.511173 0.097999 0.000000
151.647819 5.049723 -8.820000 9.511140 0.099248 0.000000
152.123499 5.050007 -8.820000 9.513835 -0.003556 -0.000000
152.599203 5.049367 -8.820000 9.511133 0.104731 -0.000000
153.074612 5.060480 -8.820000 9.511098 0.106140 0.000000
153.550312 5.059981 -8.820000 9.513892 -0.005639 0.000000
154.026002 5.059917 -8.820000 9.513631 0.004536 -0.000000
154.501675 5.060435 -8.820000 9.511168 0.098181 -0.000000
154.977118 5.069735 -8.820000 9.511235 0.095630 -0.000000
155.452799 5.069998 -8.820000 9.513624 0.004898 0.000000
155.928481 5.070224 -8.820000 9.511612 0.085576 0.000000
156.403960 5.078555 -8.820000 9.511292 0.098390 -0.000002
156.879610 5.080063 -8.820000 9.513409 0.013746 -0.000053
157.355301 5.079930 -8.820005 9.513532 0.007678 0.000592
157.830963 5.080831 -8.819941 9.509679 0.097578 0.057190
158.306269 5.089688 -8.814286 9.508767 0.089467 0.099837
158.781840 5.089778 -8.809957 9.507604 0.094911 0.153133
159.257029 5.099179 -8.798973 9.506209 0.212538 0.100928
159.732461 5.111032 -8.799865 9.509228 0.204354 -0.006811
160.207952 5.119614 -8.799654 9.509351 0.090378 -0.091341
160.683396 5.120070 -8.808999 9.508779 0.004636 -0.197272
161.158830 5.120078 -8.819381 9.506345 -0.042696 -0.236607
161.634030 5.115800 -8.832659 9.497887 -0.227266 -0.320941
162.108619 5.097351 -8.851475 9.481044 -0.500925 -0.517442
162.582135 5.065707 -8.884404 9.450516 -0.788351 -0.697371
163.053670 5.018516 -8.921212 9.390794 -1.183313 -0.813600
163.521214 4.947376 -8.965764 9.309791 -1.513689 -1.062177
163.984649 4.867147 -9.027430 9.279433 -1.672315 -1.041319
164.449157 4.780144 -9.069895 9.352398 -1.428325 -0.680592
164.919889 4.724315 -9.095489 9.451518 -0.817637 -0.282097
165.394309 4.698381 -9.098105 9.495456 -0.344111 0.054595
165.869435 4.689904 -9.090030 9.504961 -0.083808 -0.030270
166.344805 4.690000 -9.101132 9.506028 0.000255 -0.272032
166.820038 4.689929 -9.117233 9.496587 0.042971 -0.474440
167.294464 4.694297 -9.148576 9.484153 0.101326 -0.672298
167.768453 4.700062 -9.184463 9.476376 0.057200 -0.773327
168.242102 4.700017 -9.225909 9.449650 -0.008419 -1.034872
168.713418 4.699220 -9.287950 9.396526 0.099714 -1.391526
169.181754 4.709989 -9.365061 9.281250 0.107781 -1.956590
169.641543 4.709998 -9.483609 9.203272 0.190580 -2.238134
170.102081 4.729047 -9.588875 9.329318 0.411758 -1.393501
170.574475 4.751174 -9.622959 9.468804 0.149296 -0.568874
171.048962 4.743976 -9.645762 9.480112 -0.340896 -0.504756
171.522486 4.717084 -9.673435 9.426022 -0.956293 -0.649749
171.991564 4.648347 -9.710737 9.308806 -1.679552 -0.868704
172.453367 4.549129 -9.760305 9.138066 -2.400977 -0.898006
172.905371 4.408249 -9.800538 8.969412 -2.986086 -0.946044
173.350308 4.250520 -9.854909 8.865019 -3.288513 -0.895048
173.791873 4.079398 -9.890043 8.933610 -3.139587 -0.666879
174.243669 3.936561 -9.921597 9.152841 -2.445209 -0.505641
174.707157 3.834877 -9.940607 9.350872 -1.576479 -0.292235
175.178756 3.778914 -9.950821 9.456661 -0.865382 -0.299385
175.652823 3.748339 -9.970545 9.488785 -0.389457 -0.394172
176.127635 3.739968 -9.990238 9.498483 -0.082013 -0.397511
176.602671 3.740137 -10.010296 9.496480 0.109480 -0.394899
177.077283 3.750916 -10.029728 9.490998 0.098667 -0.498790
177.551771 3.750004 -10.060175 9.483451 -0.009388 -0.688495
178.025628 3.749977 -10.098577 9.468538 -0.095941 -0.786083
178.498625 3.740410 -10.138783 9.444024 -0.496334 -0.802994
178.970030 3.700344 -10.178877 9.431989 -0.836066 -0.602288
179.441824 3.656803 -10.199012 9.431768 -1.018082 -0.310044
179.913207 3.598536 -10.209881 9.438175 -1.092663 -0.208292
180.385641 3.547537 -10.219842 9.450536 -1.005602 -0.207085
180.858261 3.497975 -10.230590 9.453657 -1.024650 -0.102223
181.331007 3.445072 -10.230064 9.442058 -1.147543 0.011529
181.802466 3.383221 -10.229437 9.445367 -1.092302 -0.102572
182.275543 3.335842 -10.240321 9.458554 -0.973346 0.001248
182.748322 3.285886 -10.229312 9.448625 -1.071741 0.103819
183.220406 3.228668 -10.229939 9.452153 -1.063666 -0.006882
183.693537 3.179520 -10.230000 9.452374 -1.063211 -0.000610
184.165643 3.122347 -10.230000 9.453327 -1.055684 0.000002
184.638870 3.073951 -10.230000 9.451261 -1.073577 0.000001
185.110769 3.014989 -10.230000 9.442662 -1.141428 0.000000
185.583136 2.959809 -10.230000 9.451927 -1.067105 -0.000001
186.055962 2.908279 -10.230000 9.453475 -1.052785 -0.000053
186.528483 2.854530 -10.230005 9.450742 -1.073154 -0.000200
187.001036 2.800963 -10.230020 9.451570 -1.059584 0.036994
187.473640 2.748572 -10.226306 9.447873 -1.074899 0.100623
187.945824 2.693473 -10.219958 9.438661 -1.131340 0.187795
188.417506 2.635438 -10.207526 9.449100 -1.035596 0.254156
188.890734 2.589914 -10.194542 9.450688 -1.038173 0.175872
189.362575 2.531620 -10.189939 9.448145 -1.062713 0.159784
189.835548 2.483642 -10.178564 9.449332 -1.044003 0.000925
190.307508 2.427220 -10.189847 9.434002 -1.148435 -0.318883
190.778948 2.368799 -10.210452 9.437760 -1.094050 -0.453035
191.251284 2.317815 -10.235150 9.417302 -1.071226 -0.769548
191.720678 2.261676 -10.287407 9.377344 -1.069341 -1.157302
192.189019 2.210881 -10.350881 9.297598 -0.996058 -1.671164
192.650438 2.162071 -10.454523 9.048353 -1.002515 -2.666903
193.093854 2.110630 -10.617571 8.513028 -0.951078 -4.006838
193.501741 2.066963 -10.855207 6.832000 -0.806480 -6.098192
193.777054 2.029982 -11.227390 -0.702934 0.049760 -6.169541
193.431448 2.071939 -11.472161 -8.117132 0.938865 -3.187083
192.965341 2.123868 -11.546098 -9.340999 1.084588 -1.281074
192.497348 2.180397 -11.600268 -9.029161 1.064129 -1.778105
192.062425 2.230281 -11.723909 0.240214 -0.006149 -2.199770
192.521369 2.179783 -11.820245 9.196830 -1.071800 -1.976797
192.982108 2.123101 -11.921589 9.221558 -1.059197 -2.040235
193.443525 2.073863 -12.024269 9.212668 -1.010450 -2.110352
193.903375 2.022056 -12.132624 9.179760 -1.120533 -2.204116
194.361501 1.961810 -12.244680 9.132398 -1.042274 -2.423665
194.816614 1.917829 -12.374990 9.092306 -0.978333 -2.593948
195.270731 1.863976 -12.504075 9.038045 -1.070255 -2.731249
195.720419 1.810803 -12.648115 9.036097 -1.057700 -2.744153
196.174341 1.758206 -12.778491 9.175816 -0.992564 -2.203146
196.638001 1.711547 -12.868430 9.342306 -0.965454 -1.219307
197.108572 1.661661 -12.900421 9.450313 -0.834293 -0.296079
197.583032 1.628117 -12.898037 9.476501 -0.763326 0.130606
198.056222 1.585328 -12.887361 9.450532 -1.014467 0.183990
198.528085 1.526671 -12.879638 9.421271 -1.250291 -0.125299
198.998349 1.460299 -12.899891 9.377641 -1.514127 -0.385086
199.465849 1.375258 -12.918147 9.257229 -2.086098 -0.496880
199.924072 1.251689 -12.949579 9.106506 -2.651106 -0.660102
200.376500 1.110147 -12.984157 8.863269 -3.318053 -0.734354
200.810399 0.919884 -13.023014 8.451541 -4.211109 -0.961693
201.221654 0.689037 -13.080327 8.175699 -4.686194 -1.167365
201.627969 0.451265 -13.139751 8.294347 -4.504147 -0.937913
202.051088 0.238622 -13.174118 8.665129 -3.804639 -0.696704
202.494482 0.070801 -13.209421 9.056758 -2.737710 -0.610365
202.956764 -0.035149 -13.235154 9.301028 -1.852834 -0.527094
203.424584 -0.114483 -13.262130 9.386279 -1.352220 -0.553307
203.895392 -0.170371 -13.290485 9.431002 -0.986546 -0.618933
204.367685 -0.213137 -13.324024 9.401751 -1.089950 -0.792316
204.835567 -0.279366 -13.369717 9.275273 -1.654185 -0.950977
205.295212 -0.378556 -13.419121 9.058207 -2.512725 -0.902332
205.741388 -0.530639 -13.459950 8.914489 -3.158603 -0.625558
206.186661 -0.694416 -13.481677 8.905051 -3.300340 -0.300043
206.631893 -0.860673 -13.489954 8.906177 -3.315595 -0.181009
207.077279 -1.025976 -13.499778 8.884587 -3.376504 -0.014861
207.520352 -1.198323 -13.491440 8.881575 -3.396512 0.131976
207.965436 -1.365627 -13.486580 8.892774 -3.370429 0.101676
208.409629 -1.535366 -13.481273 8.887811 -3.373271 0.054182
208.854217 -1.702954 -13.481162 8.903386 -3.333586 -0.035601
209.299968 -1.868725 -13.484833 8.884556 -3.379729 -0.290900
209.742673 -2.040927 -13.510252 8.870133 -3.361397 -0.655903
210.186981 -2.204864 -13.550423 8.872052 -3.285575 -0.955321
210.629878 -2.369484 -13.605784 8.810602 -3.330636 -1.303276
211.068041 -2.537928 -13.680751 8.747141 -3.284484 -1.730040
211.504592 -2.697933 -13.778788 8.634451 -3.252027 -2.216053
211.931486 -2.863131 -13.902356 8.332529 -3.159175 -3.139819
212.337845 -3.013850 -14.092770 8.231191 -3.088936 -3.385147
212.754605 -3.172024 -14.240871 8.599497 -3.252679 -1.474961
213.197795 -3.339118 -14.240266 8.826367 -3.471631 0.006330
213.637242 -3.519187 -14.240238 8.829944 -3.504995 -0.095377
214.080789 -3.689618 -14.249804 8.846836 -3.460089 -0.381547
214.521926 -3.865196 -14.278392 8.865643 -3.403990 -0.461882
214.967353 -4.030017 -14.295992 8.934228 -3.223253 -0.363958
215.415349 -4.187521 -14.314788 9.007285 -2.998639 -0.435771
215.868082 -4.329880 -14.339569 9.086329 -2.729192 -0.585842
216.323982 -4.460441 -14.373372 9.155935 -2.464687 -0.666992
216.783675 -4.576349 -14.406268 9.243023 -1.894079 -0.964093
217.248284 -4.649849 -14.469782 9.296584 -1.504298 -1.212002
217.713334 -4.726779 -14.527469 9.301311 -1.753475 -0.612253
218.178415 -4.825196 -14.531007 9.224587 -2.271573 0.080905
218.635792 -4.953936 -14.519378 9.061528 -2.835212 -0.148468
219.084568 -5.108717 -14.545854 8.952482 -3.114966 -0.709397
219.531041 -5.265433 -14.590318 8.887184 -3.218706 -1.013295
219.973286 -5.430588 -14.647183 8.821685 -3.313001 -1.258378
220.413209 -5.596733 -14.716156 8.742356 -3.393652 -1.544230
220.847522 -5.769953 -14.801606 8.715489 -3.314061 -1.824086
221.284758 -5.928139 -14.898564 8.644785 -3.246800 -2.225345
221.712000 -6.094633 -15.024141 8.484508 -3.225115 -2.787591
222.133209 -6.250650 -15.177323 8.462297 -3.169908 -2.890586
222.558230 -6.411624 -15.313199 8.648628 -3.284789 -1.926835
222.998072 -6.579129 -15.370007 8.853662 -3.295586 -0.366690
223.443596 -6.741182 -15.349868 8.948996 -3.154207 0.416126
223.892971 -6.894550 -15.328394 8.980697 -3.100641 0.103479
224.341666 -7.051246 -15.339520 8.912639 -3.289668 -0.312016
224.784235 -7.223517 -15.359596 8.845537 -3.467862 -0.306417
225.226220 -7.398033 -15.370162 8.778947 -3.630080 -0.329108
225.662130 -7.586525 -15.392507 8.628069 -3.967568 -0.406846
226.089026 -7.794790 -15.410847 8.420178 -4.388978 -0.396742
226.504148 -8.025423 -15.432181 8.131670 -4.882744 -0.557703
226.902193 -8.283064 -15.466617 7.835833 -5.317481 -0.784967
227.287731 -8.557171 -15.510678 7.519341 -5.731894 -0.913901
227.654128 -8.856253 -15.558007 7.295902 -6.035340 -0.784197
228.017321 -9.160705 -15.589097 7.431839 -5.888000 -0.427827
228.397311 -9.445053 -15.600790 7.836855 -5.336701 -0.106325
228.801007 -9.694375 -15.599730 8.256880 -4.633382 -0.426936
229.222999 -9.908391 -15.643483 8.534101 -3.954482 -1.246198
229.654417 -10.089823 -15.724350 8.614310 -3.530932 -1.860633
230.084430 -10.261485 -15.829547 8.557304 -3.341636 -2.387828
230.510147 -10.423987 -15.963132 8.405406 -3.279558 -2.949857
230.924971 -10.589440 -16.124532 8.159038 -3.185480 -3.639696
231.326051 -10.742535 -16.327102 8.102188 -3.111927 -3.830481
231.735190 -10.900633 -16.507580 8.425468 -3.323971 -2.615615
232.168598 -11.074932 -16.588663 8.740207 -3.466034 -1.243601
232.609211 -11.247237 -16.631941 8.841548 -3.412170 -0.678756
233.052753 -11.416149 -16.656539 8.858110 -3.377954 -0.649743
233.495022 -11.585032 -16.696915 8.833640 -3.383019 -0.942135
233.936117 -11.754451 -16.750753 8.785329 -3.390210 -1.312322
234.373554 -11.924053 -16.828147 8.738573 -3.406160 -1.572887
234.809974 -12.095067 -16.908041 8.730839 -3.432265 -1.557479
235.246638 -12.267279 -16.983895 8.722910 -3.434034 -1.571887
235.682265 -12.438470 -17.065230 8.750299 -3.367475 -1.547771
236.121668 -12.604027 -17.138672 8.773361 -3.361750 -1.445178
236.559601 -12.774645 -17.209748 8.774503 -3.428735 -1.271091
236.999119 -12.946900 -17.265781 8.828942 -3.406938 -0.905217
237.442495 -13.115339 -17.300269 8.841885 -3.456315 -0.422683
237.883307 -13.292532 -17.308049 8.868440 -3.392351 0.229367
238.329339 -13.454574 -17.277333 8.876935 -3.364180 0.583108
238.771001 -13.628950 -17.249739 8.832958 -3.497487 0.370704
239.212635 -13.804323 -17.240262 8.842664 -3.487162 0.171546
239.655267 -13.977666 -17.232584 8.854919 -3.459074 -0.065545
240.098127 -14.150230 -17.246817 8.864017 -3.404843 -0.489637
240.541669 -14.318150 -17.281548 8.869117 -3.364313 -0.685596
240.985039 -14.486661 -17.315377 8.831844 -3.436507 -0.789686
241.424853 -14.661801 -17.360516 8.787219 -3.463786 -1.095436
241.863761 -14.833040 -17.424920 8.755815 -3.439643 -1.380114
242.300435 -15.005765 -17.498528 8.731871 -3.414273 -1.552226
242.736948 -15.174467 -17.580143 8.725215 -3.352373 -1.722565
243.172956 -15.341003 -17.670784 8.691510 -3.337456 -1.914465
243.606099 -15.508213 -17.771589 8.700952 -3.303931 -1.910148
244.043051 -15.671396 -17.861799 8.732978 -3.394752 -1.549970
244.479397 -15.847688 -17.926586 8.808730 -3.418526 -0.904772
244.923924 -16.013248 -17.952276 8.850968 -3.434190 -0.262491
245.364493 -16.191107 -17.952835 8.846429 -3.462046 -0.006051
245.808567 -16.359453 -17.952881 8.880490 -3.387698 0.026182
246.252542 -16.529877 -17.950217 8.852936 -3.467148 -0.077002
246.693861 -16.706168 -17.960581 8.860252 -3.435096 -0.299293
247.138568 -16.873387 -17.980147 8.857108 -3.436510 -0.394080
247.579571 -17.049819 -17.999989 8.845323 -3.462450 -0.399884
248.023100 -17.219632 -18.020135 8.851349 -3.421679 -0.501359
248.464706 -17.391987 -18.050125 8.823721 -3.438554 -0.654353
248.905472 -17.563487 -18.085570 7.752912 -2.780047 -0.598759
249.239997 -17.669991 -18.110001 5.597341 -4.230940 -1.007143
249.465206 -17.986581 -18.186285 5.033045 -7.007420 -0.994974
249.743302 -18.370733 -18.209499 5.662341 -7.613746 -0.438408
250.031440 -18.747956 -18.230125 5.659300 -7.624638 -0.373201
250.309232 -19.133197 -18.246819 5.555268 -7.705632 -0.356334
250.586967 -19.518519 -18.265759 5.334348 -7.861642 -0.229516
250.842667 -19.919361 -18.269770 4.999457 -8.086343 -0.150552
251.086913 -20.327153 -18.280814 4.601422 -8.311875 -0.246357
251.302809 -20.750549 -18.294406 4.067897 -8.564594 -0.545134
251.493702 -21.183612 -18.335327 3.515293 -8.756980 -1.025413
251.654338 -21.626247 -18.396947 2.550187 -8.990206 -1.527691
251.748721 -22.082633 -18.488096 1.233990 -9.101243 -2.245633
251.777737 -22.536371 -18.621511 -0.538421 -8.837428 -3.147469
251.694879 -22.966376 -18.802843 -2.160988 -8.288227 -4.004057
251.561638 -23.365194 -19.021916 -0.492653 -8.335929 -3.639818
251.645614 -23.799969 -19.166825 3.071253 -8.504261 -1.897539
251.868764 -24.215620 -19.211670 4.766066 -8.167405 -0.101875
252.122220 -24.616709 -19.177013 5.123274 -7.987627 0.653218
252.381091 -25.014383 -19.146348 5.190227 -7.950862 0.268955
252.641243 -25.411795 -19.150117 5.224898 -7.917714 -0.445150
252.903581 -25.806154 -19.190863 5.234425 -7.853671 -1.112306
253.164685 -26.197162 -19.261348 5.175631 -7.837328 -1.484278
253.421144 -26.589887 -19.339291 5.064587 -7.845645 -1.790910
253.671144 -26.981727 -19.440439 5.094057 -7.729608 -2.172092
253.930550 -27.362848 -19.556500 5.083905 -7.620835 -2.537613
254.179535 -27.743810 -19.694200 4.994468 -7.541604 -2.932671
254.429997 -28.117008 -19.849767 4.888479 -7.434542 -3.344533
254.668383 -28.487265 -20.028653 4.767984 -7.428827 -3.517838
254.906795 -28.859891 -20.201551 4.857597 -7.426780 -3.371447
255.154142 -29.229943 -20.365798 5.000685 -7.595715 -2.595375
255.406863 -29.619462 -20.461089 5.176900 -7.830640 -0.938924
255.671832 -30.013007 -20.459690 5.283689 -7.879203 0.362589
255.935232 -30.407383 -20.424830 5.264094 -7.904848 0.407290
256.198242 -30.803491 -20.418961 5.154424 -7.981490 -0.227997
256.450675 -31.205532 -20.447630 5.174824 -7.886017 -1.070824
256.715724 -31.592093 -20.526044 5.200007 -7.772367 -1.689573
256.970675 -31.982768 -20.616587 5.102411 -7.761572 -2.005708
257.225965 -32.368250 -20.726615 5.066878 -7.631581 -2.517227
257.477363 -32.745926 -20.868310 4.961198 -7.546487 -2.947239
257.722085 -33.122899 -21.021339 4.856124 -7.458044 -3.311051
257.962976 -33.491731 -21.199415 4.903267 -7.424837 -3.321953
258.212412 -33.865383 -21.353534 5.026762 -7.686784 -2.213825
258.465652 -34.260409 -21.420797 5.161473 -7.903472 -0.425760
258.728559 -34.655730 -21.396110 5.215407 -7.935329 0.481071
258.987193 -35.053942 -21.372690 5.218519 -7.932883 0.011029
259.250411 -35.449018 -21.395007 5.240558 -7.877233 -0.837770
259.511248 -35.841665 -21.456467 5.173976 -7.831350 -1.500332
259.767808 -36.232153 -21.545040 5.081336 -7.785025 -1.985583
260.019382 -36.620168 -21.655026 5.039578 -7.700981 -2.378988
260.271766 -37.002251 -21.782939 5.046437 -7.613452 -2.637163
260.524026 -37.381513 -21.918742 5.009258 -7.476489 -3.042761
260.772692 -37.749900 -22.087215 4.824177 -7.377890 -3.554159
261.006443 -38.119302 -22.274158 4.773127 -7.338010 -3.688197
261.250005 -38.483701 -22.456035 4.900899 -7.379897 -3.385554
261.496533 -38.857292 -22.612713 5.034729 -7.624025 -2.441745
261.753478 -39.246104 -22.700209 5.183548 -7.847489 -0.754354
262.014888 -39.642041 -22.688149 5.193334 -7.919006 0.632646
262.272811 -40.038004 -22.636944 5.167203 -7.933099 0.856494
262.531608 -40.435351 -22.602499 5.215302 -7.934242 0.239578
262.794341 -40.831428 -22.612987 5.277356 -7.883885 -0.555070
263.059344 -41.223739 -22.658006 5.239098 -7.877089 -0.972711
263.318251 -41.619137 -22.710258 5.129050 -7.904967 -1.270417
263.572249 -42.014236 -22.785048 5.150536 -7.853564 -1.514291
263.833305 -42.404494 -22.861687 5.140330 -7.815570 -1.712236
264.086282 -42.795793 -22.956271 5.055974 -7.794182 -2.022738
264.338902 -43.183912 -23.063961 5.110317 -7.652554 -2.388285
264.597314 -43.561048 -23.195100 4.982166 -7.616921 -2.745754
264.837119 -43.945604 -23.338536 4.908380 -7.659613 -2.739566
265.088152 -44.327009 -23.469056 5.067122 -7.651402 -2.457773
265.343831 -44.710744 -23.584313 5.187967 -7.746300 -1.771103
265.606948 -45.101639 -23.646167 5.271588 -7.859344 -0.613270
265.870990 -45.496679 -23.645640 5.183680 -7.959354 0.158236
266.125316 -45.897575 -23.630343 5.165026 -7.966120 0.255110
266.387492 -46.293291 -23.620129 5.271954 -7.900856 0.170638
266.652512 -46.687660 -23.613279 5.250212 -7.921233 0.208220
266.912513 -47.085414 -23.599307 5.240887 -7.927800 0.301476
267.176600 -47.480440 -23.583132 5.234317 -7.933770 0.296570
267.435945 -47.878791 -23.569650 5.217595 -7.946612 0.278342
267.698360 -48.275102 -23.555298 5.202476 -7.953329 0.014136
267.956193 -48.674124 -23.568237 5.198841 -7.941720 -0.484524
268.218244 -49.069274 -23.603750 5.229514 -7.885952 -0.925683
268.479144 -49.462719 -23.660805 5.164434 -7.824873 -1.524542
268.734687 -49.851761 -23.756204 5.083635 -7.749373 -2.081607
268.987508 -50.237656 -23.868966 5.028569 -7.661990 -2.495513
269.237544 -50.617960 -24.005756 4.964631 -7.487966 -3.090655
269.483971 -50.986453 -24.178031 4.863918 -7.319273 -3.621536
269.723936 -51.349887 -24.367909 4.757621 -7.264903 -3.852464
269.959733 -51.712943 -24.563278 4.819346 -7.338313 -3.601117
270.205871 -52.083718 -24.728021 4.927691 -7.609863 -2.772377
270.452502 -52.473930 -24.840515 5.156253 -7.809740 -1.432599
270.721496 -52.864693 -24.871281 5.242677 -7.912330 -0.101115
270.976770 -53.265163 -24.850627 5.200677 -7.934869 0.584115
271.241564 -53.658179 -24.812869 5.239222 -7.910907 0.614288
271.500692 -54.056253 -24.789198 5.206389 -7.953694 0.235045
271.762203 -54.453549 -24.789365 5.212466 -7.949462 -0.245264
272.021938 -54.851200 -24.813724 5.176785 -7.962703 -0.506147
272.279881 -55.249819 -24.839980 5.208079 -7.929532 -0.636888
272.542746 -55.644153 -24.877413 5.273595 -7.859777 -0.895095
272.807241 -56.035797 -24.929489 5.193410 -7.861467 -1.265335
273.062087 -56.430299 -25.003947 5.101493 -7.850927 -1.636959
273.317390 -56.820890 -25.093185 4.979734 -7.499593 -2.561174
273.560061 -57.180259 -25.260064 3.977186 -5.818167 -2.843428
273.715109 -57.402706 -25.377528 2.607247 -3.751414 -5.448703
273.820785 -57.555400 -25.804934 -2.001052 -3.350288 -7.010980
273.515003 -57.737735 -26.078626 -7.144109 -4.086846 -3.150839
273.106375 -57.964085 -26.120018 -6.614868 -6.064845 -0.659929
272.853517 -58.344220 -26.144619 -1.746420 -8.398453 -0.801920
272.931733 -58.803930 -26.200210 2.917545 -8.825573 -0.782605
273.145271 -59.226777 -26.222879 4.553663 -8.311602 -0.495370
273.387099 -59.635090 -26.249747 5.006941 -8.068615 -0.372362
273.645965 -60.033638 -26.260115 5.181649 -7.970741 -0.021710
273.905264 -60.432164 -26.251918 5.165092 -7.982075 0.206600
274.162475 -60.831846 -26.239455 5.163542 -7.981460 0.223700
274.421618 -61.230310 -26.229548 5.170076 -7.981716 0.083087
274.679482 -61.630018 -26.231147 5.194712 -7.962215 -0.254252
274.941089 -62.026532 -26.254973 5.230479 -7.931972 -0.466865
275.202530 -62.423215 -26.277833 5.197768 -7.934386 -0.686693
275.460866 -62.819971 -26.323643 5.143104 -7.945766 -0.931289
275.716840 -63.217791 -26.370962 5.143392 -7.920481 -1.099691
275.975205 -63.612019 -26.433612 5.154104 -7.873982 -1.350934
276.232251 -64.005190 -26.506056 5.123964 -7.848860 -1.588048
276.487602 -64.396905 -26.592417 5.095743 -7.824477 -1.806733
276.741825 -64.787637 -26.686729 5.036698 -7.821232 -1.968052
276.991271 -65.179028 -26.789222 5.057945 -7.795775 -1.985635
277.247620 -65.567215 -26.885292 5.090286 -7.820806 -1.781289
277.500300 -65.961108 -26.967351 5.104751 -7.902409 -1.302386
277.758095 -66.357456 -27.015531 5.154388 -7.955443 -0.494963
278.015739 -66.756653 -27.016847 5.152779 -7.979684 0.160263
278.273373 -67.155424 -26.999505 5.152292 -7.983299 0.168415
278.530968 -67.554983 -27.000006 5.212590 -7.953982 -0.004951
278.794632 -67.950822 -27.000000 5.253434 -7.930509 0.000055
279.056311 -68.348034 -27.000000 5.183637 -7.976420 -0.000003
279.312995 -68.748464 -27.000000 5.158039 -7.992172 0.000001
279.572115 -69.147251 -27.000000 5.180008 -7.977287 0.000006
279.830996 -69.546193 -26.999999 5.147684 -7.996025 -0.000543
280.086884 -69.946853 -27.000054 5.171167 -7.979358 -0.009169
280.348113 -70.344129 -27.000916 5.236434 -7.935845 0.099359
280.610527 -70.740438 -26.990118 5.265568 -7.916817 0.170007
280.874670 -71.135811 -26.983916 5.317134 -7.884618 0.100744
281.142241 -71.528900 -26.980044 5.402311 -7.825440 0.046477
281.414901 -71.918355 -26.979268 5.474624 -7.773258 -0.094706
281.689703 -72.306225 -26.989514 5.443884 -7.794526 -0.217976
281.959289 -72.697807 -27.001065 5.143735 -7.982716 -0.394920
282.204076 -73.104497 -27.029007 4.776213 -8.198371 -0.533958
282.436911 -73.517644 -27.054461 4.199809 -8.486462 -0.599320
282.624057 -73.953143 -27.088939 3.060533 -8.919895 -0.885680
282.742964 -74.409634 -27.143029 1.554982 -9.239066 -1.220924
282.779556 -74.877050 -27.211031 -0.390600 -9.274927 -1.542391
282.703904 -75.337126 -27.297268 -1.879927 -9.142590 -1.681160
282.591563 -75.791309 -27.379147 -1.415048 -9.245725 -1.031446
282.562399 -76.261699 -27.400413 0.793952 -9.308735 -0.109668
282.670958 -76.722182 -27.390114 3.086666 -8.902856 -0.098089
282.871066 -77.151985 -27.410222 4.310665 -8.411671 -0.806430
283.102024 -77.563349 -27.470757 4.817242 -8.026914 -1.612149
283.352790 -77.954676 -27.571437 5.016188 -7.759673 -2.229058
283.603643 -78.339317 -27.693663 4.966017 -7.641044 -2.698782
283.849391 -78.718780 -27.841315 4.927102 -7.512659 -3.111245
284.096353 -79.090583 -28.004787 4.867130 -7.408441 -3.438141
284.336105 -79.459624 -28.185129 4.785519 -7.213748 -3.912198
284.574905 -79.811957 -28.396007 4.725141 -7.141695 -4.119922
284.808619 -80.173794 -28.597121 4.770621 -7.309244 -3.749679
285.051967 -80.542882 -28.770975 4.922944 -7.513921 -3.065154
285.300913 -80.925186 -28.903637 5.026601 -7.742387 -2.205336
285.554628 -81.317121 -28.991508 5.128014 -7.796590 -1.794247
285.813714 -81.704845 -29.083061 5.106877 -7.725988 -2.123321
286.065315 -82.089719 -29.203840 4.936521 -7.579862 -2.864786
286.307367 -82.462831 -29.369540 4.786845 -7.290772 -3.717899
286.544000 -82.818797 -29.575630 4.559337 -6.858703 -4.677138
286.763300 -83.148702 -29.837254 4.188277 -6.393245 -5.607229
286.962828 -83.458121 -30.136353 3.915032 -6.097292 -6.119364
287.154803 -83.758431 -30.449190 4.219745 -6.562035 -5.106495
287.384802 -84.114325 -30.647003 4.890872 -7.529829 -2.004785
287.643891 -84.511414 -30.649669 5.204049 -7.935324 0.071241
287.905207 -84.907857 -30.639879 5.231423 -7.923560 -0.138781
288.167033 -85.303770 -30.663547 5.196312 -7.926351 -0.684018
288.424838 -85.700492 -30.708280 5.209570 -7.857505 -1.159607
288.687990 -86.089520 -30.779508 5.134481 -7.842957 -1.552974
288.938286 -86.484788 -30.863578 5.097374 -7.793228 -1.892648
289.197727 -86.868843 -30.968772 5.101392 -7.690540 -2.275339
289.448425 -87.253842 -31.091112 5.045895 -7.644699 -2.526194
289.702317 -87.633313 -31.221392 5.041632 -7.702326 -2.296888
289.952589 -88.024074 -31.320801 5.058345 -7.896369 -1.284475
290.208151 -88.422950 -31.349839 5.219215 -7.914904 -0.573410
290.474510 -88.815565 -31.378142 5.244596 -7.912193 -0.504197
290.732611 -89.214169 -31.400259 5.198540 -7.912716 -0.769702
290.994364 -89.606836 -31.455112 5.110858 -7.866635 -1.479168
291.243697 -90.000832 -31.548176 5.069375 -7.786739 -2.003265
291.501301 -90.385510 -31.655438 5.080274 -7.696915 -2.308317
291.751724 -90.770524 -31.779007 5.069273 -7.658944 -2.477496
292.008229 -91.151404 -31.903188 5.007833 -7.644570 -2.628020
292.252507 -91.534981 -32.041809 4.919054 -7.605833 -2.891522
292.500134 -91.911988 -32.192340 4.926937 -7.514206 -3.104695
292.745201 -92.286401 -32.352279 4.905049 -7.518833 -3.115837
292.990639 -92.663871 -32.503924 4.942649 -7.629567 -2.760145
293.239466 -93.049358 -32.628293 5.077285 -7.734831 -2.105417
293.498367 -93.437354 -32.714466 5.215241 -7.839592 -0.949370
293.760990 -93.833317 -32.723230 5.193934 -7.949098 -0.366339
294.017761 -94.232264 -32.751100 5.175579 -7.928151 -0.799226
294.278548 -94.626132 -32.803153 5.168966 -7.840924 -1.406625
294.534657 -95.016356 -32.891762 5.082186 -7.805167 -1.890273
294.786767 -95.406649 -32.992180 5.019378 -7.711190 -2.362891
295.036595 -95.787475 -33.128051 4.979020 -7.591408 -2.820864
295.284669 -96.165790 -33.274267 4.956354 -7.536379 -3.008116
295.532231 -96.541113 -33.428863 4.973181 -7.539594 -2.953281
295.781987 -96.919749 -33.569595 5.033951 -7.701531 -2.268762
296.035626 -97.311266 -33.655739 5.125987 -7.880358 -1.195051
296.294585 -97.707785 -33.689100 5.180003 -7.933340 -0.700022
296.553626 -98.104600 -33.725741 5.172206 -7.912636 -0.955508
296.811806 -98.499049 -33.784651 5.091474 -7.792374 -1.803004
297.062773 -98.883838 -33.906041 4.986000 -7.551811 -2.875283
297.310406 -99.254230 -34.072179 4.813753 -7.324347 -3.664593
297.544149 -99.616272 -34.272501 4.652128 -7.098419 -4.256161
297.775619 -99.964072 -34.497795 4.454320 -6.730180 -4.969033
297.989581 -100.289290 -34.769404 4.313720 -6.613288 -5.254999
298.206991 -100.625401 -35.023295 4.660158 -7.136383 -3.939374
298.455597 -101.002929 -35.163341 5.041634 -7.719186 -2.050650
298.711154 -101.397319 -35.228360 5.113323 -7.885209 -1.328774
298.966929 -101.791449 -35.296219 5.182942 -7.833714 -1.381123
299.229448 -102.180691 -35.366472 5.158199 -7.780734 -1.698576
299.482749 -102.569523 -35.466077 5.035902 -7.700622 -2.323222
299.733039 -102.950753 -35.598795 4.947415 -7.550485 -2.882601
299.977490 -103.324571 -35.754337 4.326627 -4.240253 -2.616563
300.165701 -103.374778 -35.860451 4.591509 3.290802 -1.825049
300.436641 -102.995491 -35.936842 6.323381 6.746260 -1.528191
300.798039 -102.700152 -36.013270 8.157757 3.953506 -1.333037
301.252417 -102.600141 -36.070145 8.746591 -1.019239 -0.973012
301.672699 -102.802076 -36.110571 7.834111 -5.054442 -0.703944
302.035828 -103.105585 -36.140540 7.230823 -6.135840 -0.388104
302.395781 -103.415660 -36.149381 7.101882 -6.311247 -0.192124
302.746016 -103.736709 -36.159752 7.074356 -6.332626 -0.099007
303.103216 -104.048923 -36.159282 7.101603 -6.302447 0.024663
303.456177 -104.366954 -36.157286 7.084283 -6.325407 -0.008110
303.811645 -104.681463 -36.160093 7.129552 -6.263548 -0.308811
304.169132 -104.993309 -36.188167 7.112368 -6.227040 -0.879213
304.522881 -105.304167 -36.248014 7.157059 -6.023067 -1.595544
304.884838 -105.595616 -36.347721 6.924564 -5.724138 -2.858145
305.215338 -105.876581 -36.533829 3.217458 -6.488812 -4.349499
305.206583 -106.244497 -36.782671 -2.428202 -7.562835 -3.657466
304.972518 -106.632865 -36.899576 -2.851656 -8.545068 -1.354348
304.921418 -107.099004 -36.918106 0.964558 -9.149549 -0.104999
305.068974 -107.547820 -36.910076 4.036753 -8.476111 -0.021336
305.325093 -107.946615 -36.920240 5.595155 -7.631678 -0.421773
305.628489 -108.310987 -36.952253 6.292989 -7.067264 -0.826227
305.954392 -108.653341 -37.002862 6.681833 -6.604067 -1.380995
306.296672 -108.971394 -37.090352 6.876859 -6.233634 -2.035737
306.642078 -109.276704 -37.206436 6.869011 -6.115522 -2.411292
306.983573 -109.582946 -37.331481 6.790615 -5.990490 -2.879354
307.321139 -109.875753 -37.494372 6.560573 -5.806969 -3.673323
307.639631 -110.163643 -37.698814 6.230196 -5.576823 -4.495535
307.944159 -110.433436 -37.943925 5.836118 -5.094685 -5.453586
308.223242 -110.673112 -38.244172 5.057358 -4.423984 -6.629258
308.449895 -110.875834 -38.606851 4.658185 -4.061267 -7.052601
308.689061 -111.079238 -38.949432 5.934072 -5.156540 -3.741171
309.043302 -111.391488 -38.980968 7.083741 -6.238111 -0.915944
309.397435 -111.703050 -39.041027 7.044211 -6.153731 -1.621223
309.747723 -112.006861 -39.143090 6.886881 -6.022940 -2.517718
310.086123 -112.305344 -39.292799 6.704137 -5.986875 -3.093166
310.418137 -112.605549 -39.452407 6.604379 -5.791647 -3.605260
310.746561 -112.884508 -39.653325 6.418058 -5.544003 -4.275495
311.059943 -113.159949 -39.879956 6.132129 -5.454111 -4.764637
311.359774 -113.429919 -40.129788 5.949095 -5.318576 -5.143045
311.654852 -113.691807 -40.394261 6.134741 -5.355086 -4.824248
311.973248 -113.965428 -40.612213 6.684469 -5.839644 -2.852887
312.323299 -114.275771 -40.679550 7.063129 -6.242069 -0.877351
312.679561 -114.589635 -40.699948 7.126964 -6.257656 -0.610685
313.035995 -114.901537 -40.740618 7.091299 -6.209876 -1.165066
313.388691 -115.210622 -40.816455 7.020422 -6.137434 -1.786464
313.738037 -115.515280 -40.919264 6.904787 -6.080853 -2.340478
314.079170 -115.818708 -41.050503 6.758333 -6.022547 -2.876798
314.413871 -116.117535 -41.206944 6.707199 -5.896390 -3.244031
314.749890 -116.408347 -41.374906 6.695576 -5.852605 -3.344757
315.083428 -116.702795 -41.541420 6.683399 -6.097358 -2.816597
315.418229 -117.018083 -41.656565 6.727816 -6.431001 -1.788132
315.756210 -117.345895 -41.720233 6.971949 -6.389561 -0.723096
316.115424 -117.657039 -41.728875 7.392782 -5.968762 -0.090518
316.495488 -117.942772 -41.729285 7.756638 -5.470722 -0.302941
316.891088 -118.204111 -41.759169 8.062440 -4.982641 -0.674762
317.301732 -118.441036 -41.796761 8.459752 -4.182569 -0.916470
317.737063 -118.622368 -41.850816 8.976486 -2.589803 -1.046410
318.199381 -118.700016 -41.901402 8.489542 1.269810 -0.991828
318.586017 -118.495387 -41.949999 7.566495 1.070584 -1.090709
318.956030 -118.592958 -42.010473 7.960321 -3.058482 -0.842977
319.382050 -118.801235 -42.034297 8.571331 -4.072757 -0.406015
319.813163 -119.000233 -42.051075 8.631680 -3.951409 -0.363648
320.245218 -119.196376 -42.070661 8.623835 -3.972635 -0.400740
320.675547 -119.397497 -42.091149 8.565484 -4.107347 -0.372352
321.101766 -119.607111 -42.107897 8.436932 -4.358581 -0.386337
321.519240 -119.833355 -42.129782 8.266636 -4.671916 -0.475495
321.928430 -120.074302 -42.155446 8.065791 -5.000763 -0.590971
322.325819 -120.333431 -42.188879 7.695553 -5.533200 -0.554757
322.697985 -120.627622 -42.210922 7.176407 -6.199251 -0.315039
323.043460 -120.953356 -42.220383 6.635907 -6.762660 -0.429645
323.361576 -121.303888 -42.253886 6.303259 -6.947856 -1.309257
323.673786 -121.648142 -42.351309 6.348194 -6.488773 -2.660111
323.996395 -121.952766 -42.519897 6.626269 -5.456471 -3.963294
324.336413 -122.193789 -42.747638 6.759648 -4.400535 -4.988713
324.672360 -122.392819 -43.018769 6.579913 -3.679499 -5.769410
324.994404 -122.561739 -43.324579 6.187053 -3.151740 -6.461170
325.291065 -122.707993 -43.664886 5.556312 -2.648938 -7.190115
325.550035 -122.826633 -44.043591 5.059226 -2.448151 -7.579802
325.796988 -122.952808 -44.422866 6.650971 -3.316547 -3.961915
326.215132 -123.158287 -44.439782 8.467697 -4.092781 0.033225
326.643757 -123.362086 -44.419543 8.562477 -4.078300 -0.153213
327.071380 -123.566117 -44.455104 8.436135 -4.166496 -1.196163
327.487371 -123.778736 -44.539160 8.302587 -4.046657 -2.154124
327.901638 -123.970783 -44.670516 8.150299 -3.919955 -2.891643
328.302401 -124.170731 -44.828324 7.908117 -3.935515 -3.476294
328.692450 -124.364335 -45.018145 7.646230 -3.723490 -4.215412
329.067024 -124.543080 -45.249865 7.223685 -3.481427 -5.070394
329.414819 -124.712477 -45.525185 6.767963 -3.344537 -5.750530
329.743820 -124.877534 -45.824918 7.146227 -3.486089 -4.933631
330.129441 -125.061086 -46.018548 8.102783 -3.949757 -1.687210
330.554098 -125.272510 -45.993639 8.514740 -4.179498 0.624178
330.980915 -125.479036 -45.956130 8.541503 -4.141577 0.557695
331.408249 -125.686667 -45.937870 8.555086 -4.132295 0.039020
331.836424 -125.892266 -45.952228 8.505451 -4.174667 -0.654219
332.258794 -126.104134 -46.003292 8.454939 -4.119970 -1.349553
332.681918 -126.304263 -46.087183 8.342258 -4.063442 -2.041825
333.093020 -126.510478 -46.207474 8.129274 -4.032857 -2.805582
333.494845 -126.707548 -46.367742 7.895939 -3.853606 -3.604802
333.882613 -126.895839 -46.567954 7.467835 -3.638125 -4.548834
334.241629 -127.071361 -46.822625 6.844541 -3.376787 -5.599009
334.567068 -127.233518 -47.127855 6.070022 -3.009722 -6.606385
334.848631 -127.372333 -47.483263 6.210597 -2.991852 -6.281704
335.188127 -127.532703 -47.756026 7.638383 -3.679290 -3.052739
335.612469 -127.740262 -47.788537 8.502986 -4.157719 -0.607628
336.038426 -127.948475 -47.816788 8.512217 -4.166176 -0.705569
336.463691 -128.156880 -47.859094 8.463870 -4.126370 -1.238580
336.884813 -128.361112 -47.940646 8.361425 -4.066841 -1.952777
337.299833 -128.563564 -48.054372 8.238371 -4.023225 -2.515494
337.708650 -128.763434 -48.192196 8.111969 -4.018733 -2.905486
338.111030 -128.965437 -48.344921 8.023310 -3.905340 -3.273618
338.510981 -129.153968 -48.519558 7.901224 -3.760516 -3.708462
338.901153 -129.341489 -48.715767 7.639181 -3.694414 -4.265462
339.274899 -129.523410 -48.946104 7.281996 -3.620733 -4.906635
339.629352 -129.703562 -49.206430 6.948688 -3.443257 -5.484837
339.969768 -129.867735 -49.494587 6.664811 -3.232721 -5.951875
340.295833 -130.026834 -49.801618 6.240931 -3.037794 -6.474584
340.593861 -130.171515 -50.142046 5.734998 -2.795845 -7.021446
340.869333 -130.306419 -50.503762 6.220849 -3.069291 -5.980323
341.215946 -130.478444 -50.740078 7.726689 -3.777832 -2.723207
341.642002 -130.684202 -50.776083 8.507166 -4.127717 -0.867168
342.066662 -130.891215 -50.826795 8.473532 -4.106544 -1.264243
342.489355 -131.094856 -50.902507 8.281589 -4.101719 -2.124690
342.894821 -131.301387 -51.039264 7.987162 -3.932995 -3.273921
343.288072 -131.488156 -51.229900 7.769104 -3.692969 -4.043175
343.671732 -131.670684 -51.443581 7.450849 -3.640749 -4.634389
344.033157 -131.852231 -51.693338 7.002401 -3.457523 -5.387999
344.371972 -132.016436 -51.982381 6.402721 -3.086314 -6.257776
344.673429 -132.160862 -52.319116 5.954537 -2.947850 -6.766854
344.967426 -132.311222 -52.659067 6.976454 -3.449436 -4.771346
345.371074 -132.505806 -52.796251 8.288778 -4.035984 -1.616732
345.796303 -132.714820 -52.820740 8.517388 -4.119418 -0.700888
346.222813 -132.917747 -52.866339 8.445078 -4.102480 -1.365105
346.640811 -133.125068 -52.957250 8.219612 -4.084186 -2.390632
347.044774 -133.326166 -53.105403 8.010381 -3.906805 -3.277160
347.441849 -133.515749 -53.284966 7.698433 -3.715214 -4.104728
347.814617 -133.697687 -53.515875 6.899586 -3.393568 -5.435577
348.131808 -133.855105 -53.828524 6.665201 -3.272644 -5.346902
348.481138 -134.024952 -54.050566 7.730628 -3.739980 -2.795769
348.904871 -134.229103 -54.108101 8.370182 -4.069039 -1.743539
349.318156 -134.431856 -54.224919 8.161910 -3.957204 -2.770467
349.721062 -134.624824 -54.385148 7.886693 -3.878583 -3.584640
350.106825 -134.819714 -54.583383 7.727665 -3.836736 -3.996938
350.493828 -135.008497 -54.784842 7.648983 -3.684013 -4.271804
350.871723 -135.188115 -55.010564 7.431214 -3.600689 -4.696061
351.236950 -135.368566 -55.254448 6.905368 -3.861553 -5.204844
351.562260 -135.574271 -55.531048 5.768456 0.068164 -3.557589
351.813795 -135.361750 -55.610207 4.519908 6.375229 -1.288787
352.014251 -134.936748 -55.659927 3.588164 8.679638 -0.909697
352.172612 -134.493786 -55.701176 4.815542 6.768101 -1.094843
352.495805 -134.259938 -55.769411 7.871369 1.379734 -0.677730
352.959749 -134.355813 -55.768949 9.297528 -1.915878 0.001050
353.425558 -134.451525 -55.769306 9.311461 -1.881863 -0.282098
353.890895 -134.543999 -55.797159 9.266390 -1.951215 -0.781684
354.352197 -134.646647 -55.847475 9.215381 -1.924457 -1.293083
354.812433 -134.736445 -55.926467 9.160619 -1.807949 -1.791766
355.268259 -134.827442 -56.026651 9.054942 -1.768810 -2.286443
355.717927 -134.913326 -56.155112 8.885784 -1.507617 -2.980607
356.156837 -134.978204 -56.324712 8.539539 -1.371970 -3.880387
356.571881 -135.050523 -56.543150 7.172163 -2.158774 -5.443414
356.874054 -135.194081 -56.869053 3.009691 -4.504412 -6.629665
356.872850 -135.500964 -57.206117 -1.150353 -7.024303 -5.641782
356.759018 -135.896511 -57.433232 0.934787 -7.142913 -4.312099
356.966329 -136.215255 -57.637327 6.605696 -4.392081 -2.744719
357.419588 -136.335719 -57.707704 9.152034 -2.174960 -1.240827
357.881532 -136.432751 -57.761409 9.202389 -1.906082 -1.381083
358.339827 -136.526328 -57.845812 9.073368 -1.853761 -2.103247
358.788869 -136.618127 -57.971734 8.827639 -1.842535 -2.952594
359.222591 -136.710581 -58.141071 8.430819 -1.748412 -3.953128
359.631951 -136.792968 -58.367047 7.796622 -1.518208 -5.127003
360.002253 -136.862402 -58.653771 6.258423 -1.273540 -6.787245
360.257793 -136.920322 -59.045772 6.297916 -1.333690 -5.961409
360.632044 -136.995771 -59.249912 8.369026 -1.726131 -2.468143
361.094696 -137.092935 -59.292586 9.217795 -1.930931 -1.176257
361.553824 -137.188864 -59.367538 9.168918 -1.795378 -1.707166
362.011587 -137.272473 -59.463302 9.008988 -1.749115 -2.414025
362.454723 -137.363775 -59.608941 8.773095 -1.793391 -3.164614
362.888897 -137.451812 -59.779764 8.505856 -1.784818 -3.799245
363.305308 -137.542257 -59.988865 7.805409 -1.612831 -5.001377
363.669438 -137.613095 -60.279902 7.288543 -1.486095 -5.012535
364.034162 -137.690867 -60.490119 8.300558 -1.684789 -1.989947
364.499494 -137.781574 -60.478896 9.246700 -1.827873 -0.541378
364.958832 -137.873654 -60.544256 8.944653 -1.827919 -2.304458
365.393959 -137.964366 -60.709342 8.363597 -1.710145 -4.050824
365.795192 -138.044669 -60.949339 7.270923 -1.523803 -5.725500
366.121051 -138.116746 -61.281892 6.457030 -1.394029 -6.673527
366.440895 -138.184071 -61.616691 7.731517 -1.582272 -3.991378
366.894203 -138.274974 -61.681030 9.167686 -1.819323 -0.268867
367.357664 -138.366004 -61.643578 9.272174 -1.894481 0.616996
367.821420 -138.464422 -61.619330 9.302352 -1.893268 0.131780
368.287899 -138.555331 -61.630400 9.289933 -1.920731 -0.489050
368.750414 -138.656495 -61.668235 9.199159 -1.954477 -1.242130
369.207815 -138.750778 -61.754613 8.989347 -1.792581 -2.359744
369.649348 -138.835753 -61.904210 8.440335 -1.718143 -3.834592
370.051848 -138.922593 -62.138072 7.083933 -1.474726 -5.883723
370.357742 -138.983226 -62.492582 4.279760 -0.875030 -8.006814
370.479824 -139.010096 -62.938754 5.412183 -1.101704 -5.570913
370.898960 -139.093396 -63.049673 8.812173 -1.784691 -0.700266
371.361042 -139.188565 -63.008780 9.282039 -1.863057 0.292300
371.827164 -139.279702 -63.020443 9.290823 -1.834725 -0.634212
372.290124 -139.372037 -63.072202 9.098316 -1.854097 -1.801411
372.736996 -139.465112 -63.200584 8.719422 -1.837201 -3.171632
373.162066 -139.555757 -63.389365 8.047269 -1.633005 -4.628689
373.541722 -139.628412 -63.663453 6.996650 -1.381194 -6.168460
373.861731 -139.693877 -64.006211 7.040446 -1.481706 -5.870066
374.245767 -139.776583 -64.250460 8.489585 -1.708460 -2.139365
374.710690 -139.864723 -64.220147 9.293592 -1.854133 0.504116
375.175126 -139.961996 -64.200048 9.276284 -1.934718 -0.141612
375.638318 -140.058194 -64.234308 9.204361 -1.933312 -1.166457
376.095562 -140.155327 -64.316694 9.047186 -1.823157 -2.169159
376.543037 -140.240510 -64.451224 8.603048 -1.680362 -3.539255
376.955867 -140.323363 -64.670619 7.795187 -1.579677 -5.104910
377.322555 -140.398478 -64.961715 6.569319 -1.366767 -6.600190
377.612799 -140.460040 -65.330638 5.133433 -1.106816 -7.835508
377.835899 -140.509159 -65.745266 6.302636 -1.067920 -6.256570
378.243063 -140.566832 -65.956295 8.703050 -1.412191 -2.620544
378.706204 -140.650379 -66.007320 9.233300 -1.998128 -0.727975
379.166393 -140.766645 -66.029093 9.117805 -2.648205 -0.221905
379.617984 -140.915199 -66.029511 8.890908 -3.327031 -0.193355
380.055483 -141.099348 -66.048428 8.570837 -4.059681 -0.294840
380.475068 -141.321167 -66.058995 8.189214 -4.773206 -0.347660
380.874405 -141.576668 -66.083194 7.775266 -5.334630 -0.908143
381.252594 -141.854630 -66.149809 7.413154 -5.493506 -2.046832
381.615720 -142.126019 -66.287878 7.304913 -4.981668 -3.321723
381.983086 -142.352797 -66.481981 7.555511 -3.744258 -4.228303
382.371271 -142.500445 -66.710708 7.927485 -2.392761 -4.567940
382.775834 -142.592073 -66.938775 8.501192 -1.797747 -3.596351
383.221390 -142.680219 -67.070343 8.994992 -1.826473 -2.343531
383.675333 -142.774720 -67.173128 9.090701 -1.998757 -1.897523
384.130461 -142.880095 -67.260095 9.102063 -2.025139 -1.821923
384.585540 -142.977234 -67.355321 9.039668 -1.925742 -2.175020
385.034427 -143.072669 -67.477597 8.970326 -1.833115 -2.554863
385.482572 -143.160546 -67.610807 8.962970 -1.890253 -2.539755
385.930724 -143.261695 -67.731573 9.060421 -1.927602 -2.028071
386.388614 -143.353306 -67.813614 9.144082 -1.902507 -1.653865
386.845133 -143.451945 -67.896959 9.066644 -1.981948 -1.780453
387.295279 -143.551501 -67.991660 8.742742 -1.817754 -2.893186
387.719407 -143.633721 -68.186278 8.538173 -1.771338 -3.680083
388.149096 -143.728635 -68.359668 8.870289 -1.877441 -2.543440
388.606436 -143.821465 -68.440622 9.211659 -1.933980 -0.992146
389.070262 -143.922033 -68.458882 9.278107 -1.993858 -0.403390
389.534246 -144.020851 -68.480961 9.283488 -1.975420 -0.368652
389.998611 -144.119575 -68.495748 9.271821 -1.993981 -0.492335
390.461428 -144.220249 -68.530194 9.262833 -1.969665 -0.638556
390.924894 -144.316541 -68.559603 8.174129 -1.697485 -0.579637
391.278841 -144.389997 -68.588158 8.184958 -1.059498 -0.599379
391.743390 -144.422491 -68.619541 9.356531 -0.700991 -0.514936
392.214494 -144.460096 -68.639652 9.438010 -0.678548 -0.207527
392.687191 -144.490346 -68.640294 9.453504 -0.698982 0.196546
393.159845 -144.529995 -68.619997 9.471928 -0.646830 0.210251
393.634384 -144.555029 -68.619269 9.469224 -0.607513 -0.312903
394.106767 -144.590746 -68.651288 9.403214 -0.736860 -1.037049
394.574705 -144.628715 -68.722974 9.184543 -0.690590 -2.169925
395.025222 -144.659805 -68.868280 8.509476 -0.606389 -3.925568
395.425653 -144.689354 -69.115530 6.397867 -0.398087 -6.538437
395.665008 -144.699613 -69.522124 3.447425 -0.202163 -8.680617
395.770395 -144.709570 -69.983592 1.149911 -0.412977 -9.341151
395.779999 -144.740911 -70.456239 0.096050 0.060319 -9.340377
395.780000 -144.703538 -70.917630 -0.109012 4.621304 -5.956015
395.769098 -144.278781 -71.051840 1.422502 8.560247 -1.436354
395.922250 -143.847513 -71.061265 5.889032 5.927887 -0.114331
396.358001 -143.685992 -71.063274 9.018339 1.677590 -0.870405
396.824084 -143.679754 -71.148306 9.164390 -0.234156 -2.304110
397.274440 -143.709408 -71.293684 8.890542 -0.593654 -3.233057
397.713138 -143.739120 -71.471611 8.510966 -0.613810 -4.079241
398.125537 -143.770789 -71.701609 8.112020 -0.614802 -4.805773
398.524340 -143.800600 -71.952189 8.528119 -0.579127 -3.587937
398.978349 -143.828701 -72.060402 9.216557 -0.596057 -1.666491
399.445996 -143.860206 -72.118838 8.906962 -0.617320 -2.660489
399.869045 -143.890434 -72.326451 7.643407 -0.487072 -5.356321
400.210337 -143.908913 -72.654470 5.649108 -0.405164 -7.416137
400.433956 -143.930950 -73.068065 3.432314 -0.223562 -7.957395
400.553568 -143.931269 -73.450210 5.853291 -0.289809 -3.318533
401.019285 -143.959931 -73.399918 9.376081 -0.687738 0.301492
401.491176 -144.000043 -73.420060 9.448009 -0.668511 -0.490895
401.964086 -144.026782 -73.449008 9.440315 -0.615757 -0.724045
402.435208 -144.061619 -73.492465 9.407344 -0.630777 -1.067794
402.904820 -144.089860 -73.555787 9.306951 -0.636165 -1.680880
403.365903 -144.125235 -73.660553 9.096749 -0.605418 -2.564022
403.814495 -144.150401 -73.812189 8.471339 -0.551292 -3.982723
404.213037 -144.180364 -74.058825 5.150715 -0.395986 -6.697906
404.329567 -144.190000 -74.481980 3.502328 -0.187980 -7.309909
404.563270 -144.199162 -74.789816 6.954771 -0.386966 -3.694763
405.025044 -144.228697 -74.851456 7.460358 -0.509434 -4.178155
405.309306 -144.250106 -75.207632 4.967795 -0.410640 -7.445725
405.521823 -144.269761 -75.596029 6.683400 -0.494597 -5.010418
405.977646 -144.299565 -75.708673 8.503672 -0.495042 -3.663654
406.372191 -144.319265 -75.962394 7.486263 -0.516002 -5.600665
406.726272 -144.351166 -76.268740 7.941304 -0.614667 -4.755625
407.166321 -144.380731 -76.437957 9.042714 -0.588708 -2.614166
407.630543 -144.410036 -76.530156 9.192030 -0.559319 -2.245313
408.085524 -144.436663 -76.662488 8.979493 -0.594381 -3.001975
408.528493 -144.469475 -76.830354 8.545026 -0.620891 -4.011866
408.940026 -144.498752 -77.063675 7.650031 -0.505791 -5.450807
409.293496 -144.520054 -77.375435 7.335160 -0.527973 -5.332903
409.673542 -144.551550 -77.596965 8.504747 -0.581037 -1.864029
410.143970 -144.578157 -77.561838 9.422074 -0.534421 0.004183
410.615750 -144.604992 -77.596547 9.367172 -0.612315 -1.232864
411.080688 -144.639389 -77.685124 9.077916 -0.651708 -2.554129
411.523541 -144.670163 -77.851960 8.400649 -0.525572 -4.239673
411.920753 -144.691946 -78.109091 7.110931 -0.505092 -6.053017
412.234634 -144.720672 -78.457261 6.719741 -0.473764 -6.036675
412.592727 -144.739323 -78.712759 8.279960 -0.495252 -2.931999
413.062631 -144.770197 -78.750461 9.338290 -0.612746 -1.295714
413.526556 -144.800597 -78.842330 8.920987 -0.602570 -2.924887
413.954729 -144.830454 -79.042950 7.812272 -0.600183 -5.112691
414.307783 -144.860615 -79.353599 5.868220 -0.385445 -7.181561
414.541551 -144.868999 -79.761106 6.869983 -0.399116 -4.565290
414.994781 -144.900527 -79.810128 9.237379 -0.652475 -0.734114
415.465289 -144.934246 -79.834517 9.265164 -0.696525 -1.441688
415.921298 -144.970180 -79.954297 8.786968 -0.551279 -3.319441
416.343986 -144.989374 -80.166461 7.859080 -0.499279 -5.124341
416.707206 -145.020107 -80.466731 6.185342 -0.474049 -6.966566
416.962520 -145.036779 -80.863118 7.008806 -0.447831 -4.822982
417.408086 -145.064891 -80.949029 9.120208 -0.615092 -1.536188
417.874541 -145.098288 -81.016737 9.017208 -0.584421 -2.507085
418.309807 -145.123333 -81.199738 8.133738 -0.658525 -4.642934
418.687915 -145.164141 -81.481030 6.410531 -0.657160 -6.622764
418.950860 -145.189049 -81.862014 3.220840 3.300356 -6.622773
419.009999 -144.834105 -82.143307 0.587126 7.757206 -4.959683
419.009573 -144.413328 -82.357982 1.883856 7.142365 -4.858133
419.198384 -144.119869 -82.629121 6.575248 2.731383 -2.886252
419.667097 -144.140190 -82.646608 9.407763 -0.508333 0.099627
420.139161 -144.170702 -82.619158 9.413808 -0.600602 -0.333720
420.608478 -144.200250 -82.679980 9.245055 -0.589341 -1.917180
421.063666 -144.229636 -82.810876 8.868940 -0.600105 -3.226369
421.495372 -144.260261 -83.002617 8.267529 -0.611950 -4.509997
421.890419 -144.290831 -83.261876 7.746769 -0.486197 -5.343220
422.270049 -144.308880 -83.536939 8.384844 -0.490373 -2.882991
422.728903 -144.339868 -83.550175 9.293870 -0.701828 0.176048
423.199436 -144.379063 -83.519334 9.405970 -0.680513 -0.152581
423.669500 -144.407919 -83.565433 9.272901 -0.562755 -1.651382
424.126726 -144.435339 -83.684472 8.806098 -0.629910 -3.288799
424.550110 -144.470911 -83.894313 7.985568 -0.548211 -4.943540
424.925283 -144.490160 -84.178826 7.446190 -0.477314 -5.460232
425.294729 -144.518642 -84.440336 8.380357 -0.587659 -2.512490
425.763319 -144.548925 -84.430075 9.409664 -0.624133 -0.003562
426.235696 -144.581055 -84.440692 9.449527 -0.608297 -0.207237
426.708271 -144.609755 -84.450799 9.453713 -0.593828 -0.204775
427.181067 -144.640438 -84.461170 9.461011 -0.603326 -0.147929
427.654373 -144.670088 -84.465592 9.464750 -0.658845 -0.075457
428.127542 -144.706323 -84.468716 9.460049 -0.691333 -0.143984
428.600377 -144.739221 -84.479990 9.459373 -0.631737 -0.013261
429.073479 -144.769496 -84.470042 9.465075 -0.602970 0.024144
429.546885 -144.799518 -84.477576 9.443674 -0.608304 -0.471799
430.017847 -144.830327 -84.517222 9.262574 -0.607607 -1.634953
430.473142 -144.860279 -84.641071 8.828477 -0.596355 -3.231270
430.900694 -144.889962 -84.840349 7.982510 -0.500493 -4.903113
431.271393 -144.910328 -85.131382 4.901097 -0.300378 -7.137194
431.390804 -144.920000 -85.554068 2.897587 0.004987 -7.184452
431.561152 -144.909829 -85.849827 6.444644 0.289075 -3.000706
432.035268 -144.891093 -85.854139 9.407599 0.502837 -0.826774
432.501912 -144.859546 -85.932505 9.280243 0.511751 -1.868342
432.963293 -144.839917 -86.040973 9.131675 0.447693 -2.520022
433.415080 -144.814776 -86.184507 8.920360 0.528605 -3.204895
433.855329 -144.787057 -86.361462 8.675253 0.549691 -3.816991
434.282605 -144.759807 -86.566206 8.322956 0.417693 -4.509857
434.687624 -144.745288 -86.812448 7.544675 0.198005 -5.658453
435.037072 -144.740007 -87.132051 5.123942 0.521455 -7.443902
435.200019 -144.693142 -87.556838 1.429293 4.651508 -5.728578
435.180002 -144.274856 -87.704909 -0.377518 4.931905 -6.073307
435.162267 -144.199952 -88.164169 -0.205048 0.648696 -9.338402
435.159497 -144.209986 -88.638749 2.192477 0.111104 -8.289522
435.381514 -144.188841 -88.993121 6.922409 0.401469 -3.309561
435.851738 -144.169839 -88.969705 9.422336 0.474201 0.535366
436.323748 -144.141421 -88.939585 9.455906 0.565534 0.142261
436.797328 -144.113286 -88.955479 9.439438 0.486891 -0.766292
437.267692 -144.092732 -89.016214 9.309585 0.432514 -1.739860
437.728287 -144.070034 -89.129465 9.022036 0.529741 -2.862583
438.169895 -144.039758 -89.302472 8.533109 0.490294 -4.072154
438.581598 -144.021005 -89.536681 7.718823 0.395841 -5.379689
438.941778 -144.000174 -89.840441 6.644991 0.412648 -6.623411
439.246097 -143.979740 -90.199022 7.725734 0.396102 -3.595101
439.714351 -143.960564 -90.199951 9.407448 0.495362 0.187847
440.186842 -143.930204 -90.180237 9.464140 0.592163 0.276197
440.660765 -143.901347 -90.172331 9.484995 0.508412 0.099275
441.135341 -143.879363 -90.170310 9.481006 0.419737 -0.292102
441.608866 -143.859374 -90.201541 9.440783 0.494284 -0.876473
442.079419 -143.829935 -90.257957 9.324593 0.504195 -1.626265
442.541325 -143.808954 -90.364168 8.797220 0.505758 -3.252456
442.959141 -143.779359 -90.583203 7.235994 0.380794 -5.732740
443.264924 -143.770875 -90.937442 4.452981 0.193789 -8.041977
443.404439 -143.759980 -91.387400 5.133956 0.295199 -6.806208
443.778320 -143.741355 -91.618063 8.461799 0.507174 -2.550323
444.250619 -143.709262 -91.642433 9.452981 0.592672 -0.576670
444.723618 -143.682088 -91.675730 9.428128 0.485104 -1.004918
445.193432 -143.660752 -91.742924 9.282611 0.514249 -1.883401
445.651879 -143.630663 -91.864070 9.018104 0.520244 -2.882268
446.095243 -143.608728 -92.031151 8.627672 0.409069 -3.875099
446.514646 -143.589756 -92.251580 7.926328 0.388386 -5.058012
446.887875 -143.569889 -92.536952 8.311677 0.434113 -3.394878
447.345814 -143.546344 -92.591068 9.251513 0.501548 -0.653513
447.813027 -143.519734 -92.602304 9.386551 0.522843 -0.233491
448.284469 -143.494060 -92.614417 9.455389 0.499601 -0.076863
448.758566 -143.469774 -92.609990 9.487573 0.493751 0.052572
449.233227 -143.444685 -92.609160 9.480323 0.527431 -0.324764
449.706598 -143.417031 -92.642466 9.437573 0.523371 -0.966120
450.176984 -143.392348 -92.705771 9.281045 0.529119 -1.863633
450.634702 -143.364119 -92.828830 8.964393 0.442999 -3.027174
451.073423 -143.348048 -93.008489 8.312336 0.450016 -4.434824
451.465936 -143.319117 -93.272312 7.147179 0.478132 -6.088108
451.788141 -143.300235 -93.617300 5.377218 0.291631 -7.655905
452.003658 -143.289954 -94.037903 5.199690 0.299799 -7.225105
452.308110 -143.270255 -94.339810 7.773081 0.387758 -3.249512
452.780966 -143.251179 -94.362854 9.376152 0.505284 -1.119379
453.245725 -143.219727 -94.451748 9.058533 0.513026 -2.629797
453.686819 -143.199876 -94.625833 8.301132 0.394027 -4.441150
454.075838 -143.180324 -94.895863 6.760801 0.403525 -6.405010
454.362899 -143.159524 -95.266334 4.041064 0.203239 -8.271171
454.479945 -143.160000 -95.722980 2.210953 0.099004 -8.979744
454.583994 -143.149623 -96.164309 5.661672 0.293035 -4.572433
455.046112 -143.130696 -96.180223 9.328225 0.506932 -0.288685
455.516817 -143.098930 -96.193177 9.351899 0.500077 -0.971161
455.981302 -143.080689 -96.277340 9.054883 0.462767 -2.474898
456.422305 -143.052653 -96.440667 8.199388 0.511552 -4.430899
456.801240 -143.029534 -96.720429 5.791177 0.326526 -7.033136
457.001423 -143.020001 -97.143981 2.414848 0.095313 -8.393200
457.042725 -143.020002 -97.559749 5.088199 0.262461 -3.862594
457.510243 -142.993754 -97.530240 9.400856 0.507771 0.120711
457.982811 -142.969225 -97.547678 9.350725 0.457502 -1.156106
458.445315 -142.948004 -97.645851 8.687281 0.497503 -3.369212
458.851539 -142.919475 -97.884600 7.041459 0.383085 -6.058752
459.149461 -142.909696 -98.251726 4.694769 0.194741 -8.083426
459.321016 -142.900001 -98.692942 4.595504 0.306513 -7.589629
459.609012 -142.879044 -99.010689 7.580581 0.399063 -2.671010
460.079074 -142.860095 -98.960043 9.423219 0.491220 0.502179
460.551333 -142.829922 -98.960471 9.349032 0.579283 -0.940908
461.013977 -142.802166 -99.054134 8.586877 0.461425 -3.485387
461.410021 -142.783780 -99.309010 6.632822 0.097029 -6.398938
461.677259 -142.792463 -99.694028 3.798428 0.251228 -8.357066
461.789864 -142.758657 -100.144716 1.010652 4.184554 -6.459706
461.778325 -142.374008 -100.339998 -0.397243 8.529206 -1.866630
461.750140 -141.905736 -100.331379 -0.546406 9.361550 -0.100580
461.723684 -141.437853 -100.350056 2.291260 6.729815 -0.485889
461.979266 -141.232755 -100.379968 7.199952 2.950640 -0.564179
462.443679 -141.142789 -100.406474 9.290943 1.799100 -0.486798
462.908360 -141.052845 -100.428648 9.302890 1.786857 -0.327588
463.373968 -140.964103 -100.439233 9.305939 1.772640 -0.319144
463.838954 -140.875581 -100.460562 9.315523 1.771774 -0.215996
464.305521 -140.786926 -100.460833 9.307861 1.833352 0.096077
464.769740 -140.692246 -100.450955 9.304928 1.835052 -0.097590
465.236013 -140.603421 -100.470592 9.321524 1.748955 -0.563912
465.701892 -140.517350 -100.507346 9.264829 1.778180 -1.084585
466.162496 -140.425602 -100.579050 9.147477 1.796181 -1.800436
466.616640 -140.337732 -100.687389 8.921446 1.720791 -2.694712
467.054641 -140.253523 -100.848521 8.389669 1.591434 -3.979390
467.455607 -140.178589 -101.085329 6.790949 1.060299 -6.126860
467.733736 -140.147494 -101.461207 2.816024 1.810308 -7.990651
467.737209 -139.997558 -101.884394 -0.333670 5.080526 -6.791516
467.700369 -139.639441 -102.140359 4.038371 4.656611 -3.442186
468.141046 -139.531897 -102.228612 9.052147 2.051470 -0.991244
468.605583 -139.434294 -102.239483 9.294930 1.883261 -0.309702
469.070539 -139.343571 -102.259582 9.313084 1.793508 -0.418495
469.536892 -139.254943 -102.281333 9.319994 1.719127 -0.697798
470.002539 -139.171658 -102.329362 9.220442 1.757809 -1.381934
470.458936 -139.079162 -102.419526 8.262442 1.618561 -3.580967
470.828783 -139.009802 -102.687459 4.310633 0.451170 -7.288601
470.889999 -139.034045 -103.148386 -0.081157 1.672724 -8.222594
470.820667 -138.842530 -103.509718 -1.338531 6.412134 -4.085803
470.756146 -138.392832 -103.556966 2.660810 7.694359 -1.058481
471.086748 -138.073094 -103.615566 7.690354 4.918342 -0.928153
471.525182 -137.900998 -103.649782 8.991643 2.846735 -0.543367
471.985913 -137.788420 -103.669903 9.266338 2.067904 -0.262827
472.451815 -137.694207 -103.676065 9.319154 1.871095 0.006471
472.917828 -137.601311 -103.669256 9.314175 1.890356 -0.038112
473.383233 -137.505172 -103.679876 9.319526 1.867939 -0.226269
473.849781 -137.414517 -103.691883 9.324637 1.815466 -0.389031
474.315697 -137.323625 -103.718779 9.301141 1.833215 -0.703180
474.779895 -137.231195 -103.762201 9.248489 1.860946 -1.128116
475.240545 -137.137530 -103.831590 9.193882 1.807341 -1.599077
475.699283 -137.050461 -103.922109 9.070683 1.718515 -2.234783
476.147614 -136.965679 -104.055069 8.818608 1.707224 -3.083626
476.581144 -136.879739 -104.230471 8.458390 1.695289 -3.946067
476.993453 -136.796150 -104.449675 7.752540 1.569891 -5.150898
477.356398 -136.722750 -104.745561 6.472343 1.314257 -6.660916
477.640687 -136.664724 -105.115767 7.264386 1.401931 -4.639228
478.082837 -136.582557 -105.209484 9.078840 1.761522 -1.040247
478.548571 -136.488572 -105.219792 9.312295 1.858596 -0.361626
479.014066 -136.396697 -105.245646 9.284893 1.860049 -0.782849
479.477060 -136.302567 -105.298077 9.246058 1.845583 -1.222321
479.938672 -136.212139 -105.367879 9.163169 1.833033 -1.727071
480.393377 -136.119264 -105.470784 9.045274 1.802074 -2.296696
480.843199 -136.031931 -105.597548 8.906053 1.776545 -2.766062
481.283983 -135.941609 -105.747390 8.582717 1.663418 -3.620451
481.701471 -135.865590 -105.959593 7.461429 1.412732 -5.404151
482.030126 -135.800336 -106.287805 4.912637 0.958522 -7.317924
482.192735 -135.769738 -106.691386 6.199441 1.229925 -4.590835
482.650070 -135.677344 -106.746888 9.215382 1.906049 -0.790597
483.114273 -135.579133 -106.770445 9.286899 1.869539 -0.697004
483.578760 -135.490390 -106.816589 9.282839 1.774144 -0.983485
484.042557 -135.401718 -106.868794 9.230892 1.854130 -1.279218
484.501849 -135.304977 -106.944511 9.123599 1.855206 -1.878090
484.954917 -135.216198 -107.056603 8.990596 1.768029 -2.494105
485.400908 -135.128174 -107.193921 8.691202 1.712060 -3.348227
485.824037 -135.044992 -107.391426 7.718292 1.569277 -5.047393
486.172738 -134.971246 -107.698660 4.629007 0.955360 -7.534806
486.286938 -134.949456 -108.144906 5.333452 0.985852 -5.711014
486.706083 -134.872661 -108.269762 8.843900 1.697993 -1.377047
487.171328 -134.779656 -108.282611 9.302665 1.841386 -0.506249
487.636349 -134.688523 -108.320387 9.283898 1.867711 -0.830484
488.099717 -134.592885 -108.365659 9.246603 1.806286 -1.222956
488.561010 -134.507894 -108.442682 9.165358 1.769992 -1.787955
489.016253 -134.415886 -108.544455 9.023559 1.815276 -2.353227
489.463365 -134.326366 -108.678005 8.822219 1.822464 -2.989949
489.898475 -134.233640 -108.843450 8.454052 1.648023 -3.911994
490.308771 -134.161564 -109.069204 7.444225 1.445506 -5.509651
490.642898 -134.089089 -109.394415 4.749293 1.016195 -7.665782
490.783700 -134.059945 -109.835783 4.483628 0.860522 -7.034034
491.091260 -134.003037 -110.097818 7.724715 1.458458 -2.981105
491.556171 -133.914099 -110.133893 9.291107 1.832050 -0.681631
492.020371 -133.819832 -110.165981 9.255273 1.891437 -0.940726
492.481699 -133.724955 -110.227966 9.220876 1.827873 -1.370887
492.942459 -133.637045 -110.303070 9.117760 1.783270 -1.942567
493.393475 -133.546628 -110.422222 8.980065 1.756462 -2.528478
493.840465 -133.461398 -110.555918 8.752373 1.764584 -3.170819
494.268712 -133.370170 -110.739304 8.173214 1.648124 -4.419078
494.657787 -133.296586 -110.997826 6.197259 1.200786 -6.543618
494.888438 -133.250091 -111.393666 5.339840 1.048040 -6.218583
495.191771 -133.191782 -111.619684 7.649730 1.557744 -1.894076
495.653411 -133.094317 -111.583074 9.279507 1.812458 0.450829
496.119721 -133.010536 -111.574601 9.272020 1.744295 -0.570686
496.580613 -132.919887 -111.640142 8.889834 1.794557 -2.473319
497.008705 -132.831081 -111.821933 7.714305 1.603515 -4.980888
497.352043 -132.759536 -112.138231 5.627608 1.108646 -7.312825
497.571466 -132.720216 -112.553216 3.939513 0.753240 -8.380535
497.745995 -132.684212 -112.976285 6.330178 1.261921 -4.479763
498.204483 -132.594024 -113.001192 9.234970 1.819052 -0.045574
498.669492 -132.502306 -112.980842 9.299443 1.898704 0.103697
499.134428 -132.404154 -112.990822 9.319828 1.828519 0.008988
499.601475 -132.319455 -112.979943 9.325968 1.795003 -0.005703
500.067024 -132.224653 -112.991393 9.277581 1.873912 -0.638084
500.529233 -132.132063 -113.043752 9.154633 1.767561 -1.643317
500.982488 -132.047897 -113.155724 8.662601 1.669108 -3.244695
501.395493 -131.965152 -113.368221 7.239606 1.474043 -5.620991
501.706448 -131.900493 -113.717823 4.735069 0.951751 -7.826839
501.869000 -131.869977 -114.150905 4.695818 0.912405 -6.733556
502.176030 -131.809252 -114.391179 7.498300 1.496970 -3.582519
502.618830 -131.720280 -114.509157 8.112115 1.589356 -4.060949
502.987242 -131.650317 -114.797274 6.875218 1.393159 -6.273125
503.306351 -131.580964 -115.136469 7.445655 1.551186 -4.727521
503.731807 -131.495198 -115.270026 8.915117 1.705549 -1.137480
504.197863 -131.410410 -115.250217 9.304875 1.817647 0.325841
504.662295 -131.313434 -115.237442 9.311694 1.867995 0.201965
505.129032 -131.223610 -115.230021 9.330344 1.801099 -0.011449
505.595329 -131.133324 -115.238587 9.301854 1.812690 -0.480915
506.059218 -131.042341 -115.278112 9.255814 1.834895 -1.015939
506.520910 -130.949834 -115.340181 9.169769 1.793968 -1.626599
506.976195 -130.862944 -115.440772 8.829310 1.757516 -2.849787
507.403841 -130.774083 -115.625159 7.773569 1.570580 -4.891799
507.753552 -130.705886 -115.929952 4.562159 0.940640 -7.599733
507.860057 -130.680019 -116.385133 1.593086 0.366847 -9.150152
507.912860 -130.669202 -116.844967 4.877478 0.808888 -5.548690
508.347805 -130.599130 -116.940002 9.014536 1.375698 -0.849710
508.814314 -130.531632 -116.929938 8.840543 2.741455 -0.154791
509.231859 -130.324984 -116.955481 6.704433 5.830661 -1.349570
509.484757 -129.948566 -117.064895 3.080793 8.234638 -2.435269
509.539938 -129.501520 -117.199008 0.446850 5.439298 -4.696005
509.529442 -129.404636 -117.534496 0.059483 -0.886510 -5.643742
509.545887 -129.590172 -117.763382 1.431930 1.389423 -4.604596
509.672635 -129.265694 -117.994955 5.797149 4.483872 -2.387309
510.125602 -129.141784 -118.002113 9.184235 2.110899 0.039627
510.591059 -129.054604 -117.990993 9.317752 1.730799 0.214027
511.057377 -128.968704 -117.980710 9.283149 1.800421 -0.403716
511.519374 -128.874562 -118.031364 9.153173 1.837501 -1.571186
511.972694 -128.784954 -118.137829 8.684459 1.720560 -3.179493
512.387820 -128.702506 -118.349314 7.505245 1.459046 -5.376697
512.723219 -128.639050 -118.675498 4.521827 0.825056 -7.742356
512.840002 -128.620000 -119.123549 1.067814 0.190497 -9.195951
512.830000 -128.620000 -119.595093 -0.409264 -0.109232 -9.413851
512.799076 -128.630923 -120.064934 2.448045 0.521655 -7.461774
513.074805 -128.567835 -120.341271 7.395110 1.566222 -2.850657
513.538587 -128.474301 -120.350000 9.303805 1.813053 -0.120532
514.005185 -128.386529 -120.353324 9.325781 1.765831 -0.100367
514.471165 -128.297718 -120.360037 9.310304 1.811641 0.077587
514.936215 -128.205365 -120.345565 9.303040 1.802220 0.205508
515.401469 -128.117496 -120.339486 9.278797 1.842143 -0.334164
515.864095 -128.021151 -120.378982 9.095044 1.808423 -1.700574
516.310973 -127.936654 -120.509543 8.343840 1.637138 -3.892970
516.698479 -127.857437 -120.768279 5.733975 1.122680 -6.826904
516.884371 -127.824386 -121.192234 2.598753 0.475302 -8.801294
516.958354 -127.809907 -121.648408 5.042064 0.941446 -5.579534
517.388577 -127.730241 -121.750187 8.929758 1.759446 -0.807685
517.851330 -127.633962 -121.729177 9.269579 1.818176 -0.205893
518.315535 -127.548423 -121.770776 9.091544 1.759853 -1.763253
518.760485 -127.457977 -121.905502 8.150451 1.665929 -4.164117
519.130580 -127.381831 -122.187188 5.399343 1.078790 -7.146426
519.300419 -127.350098 -122.620145 2.280260 0.420274 -8.819115
519.358606 -127.339803 -123.069100 5.087632 0.927478 -4.998550
519.809182 -127.257350 -123.120000 9.148069 1.804733 -0.608248
520.273413 -127.159330 -123.129925 9.307115 1.832890 -0.199790
520.739894 -127.074061 -123.139979 9.311782 1.760848 -0.199985
521.204591 -126.983245 -123.149923 9.289998 1.856342 -0.199339
521.668893 -126.888427 -123.159912 9.300640 1.822019 -0.200863
522.134655 -126.801043 -123.170009 9.301397 1.805565 -0.206421
522.599033 -126.707871 -123.180555 9.296456 1.868350 -0.101910
523.064301 -126.614208 -123.180200 9.308687 1.823019 -0.094215
523.529902 -126.525569 -123.189976 9.302941 1.848128 -0.200691
523.994595 -126.429395 -123.200269 9.311801 1.827260 -0.005049
524.461082 -126.342843 -123.190481 9.326816 1.740723 0.237219
524.927277 -126.255323 -123.176547 9.299057 1.800300 -0.074927
525.390988 -126.162813 -123.197974 9.231400 1.866415 -0.842503
525.850417 -126.068682 -123.260798 8.966007 1.749546 -2.256188
526.287588 -125.987858 -123.423593 8.054638 1.583108 -4.444536
526.655881 -125.910371 -123.705251 5.607381 1.155289 -7.053182
526.848326 -125.872329 -124.128911 1.943793 0.403734 -8.959504
526.850260 -125.869997 -124.601202 3.866572 0.791486 -6.359983
527.234984 -125.793181 -124.764909 8.497646 1.633416 -1.586783
527.700024 -125.706656 -124.759880 9.293828 1.769844 0.061524
528.164366 -125.616196 -124.758757 9.296818 1.821310 0.098511
528.629706 -125.524525 -124.750029 9.299639 1.823209 -0.109325
529.094330 -125.433875 -124.769689 9.241124 1.792164 -0.944983
529.553819 -125.345308 -124.844527 8.990330 1.728737 -2.275063
529.993363 -125.261002 -124.997196 8.143579 1.609550 -4.275993
530.368177 -125.184353 -125.272127 5.841858 1.096195 -6.934307
530.577549 -125.151382 -125.690626 3.128956 0.598918 -8.584969
530.681072 -125.124462 -126.130624 5.528583 1.153473 -5.093694
531.130408 -125.036035 -126.199996 9.145180 1.805889 -0.596560
531.595590 -124.943873 -126.190280 9.295830 1.842435 -0.002695
532.059991 -124.851791 -126.200265 9.307391 1.780223 -0.197922
532.526329 -124.765850 -126.210072 9.309717 1.778964 0.069272
532.990962 -124.673895 -126.193338 9.309150 1.804495 0.208571
533.457244 -124.585401 -126.189215 9.303172 1.801404 -0.320187
533.921279 -124.493754 -126.225357 9.187377 1.815509 -1.366395
534.375982 -124.403850 -126.325854 8.789027 1.702519 -2.908393
534.800182 -124.323503 -126.516196 7.559856 1.327716 -5.197971
535.131968 -124.271078 -126.845651 4.788132 0.692243 -7.731021
535.278995 -124.254278 -127.289298 0.982540 3.350810 -7.504454
535.230222 -123.935997 -127.596097 -1.685752 7.231993 -5.201198
535.110420 -123.531079 -127.809418 -0.257439 6.751894 -5.104901
535.204478 -123.260808 -128.106587 5.558194 3.545696 -3.322127
535.666240 -123.176509 -128.141631 9.268706 1.810385 -0.433962
536.131348 -123.079769 -128.149983 9.309251 1.898928 -0.172573
536.597165 -122.986617 -128.158888 9.327932 1.805351 -0.200783
537.064142 -122.899234 -128.170061 9.342063 1.748228 -0.010010
537.531371 -122.811794 -128.159889 9.325707 1.854384 0.100413
537.996712 -122.713796 -128.160020 9.320469 1.893941 -0.000912
538.463418 -122.622400 -128.159980 9.344651 1.772742 0.008685
538.931177 -122.536522 -128.159151 9.335955 1.797936 -0.193682
539.397013 -122.442606 -128.179349 9.315358 1.871345 -0.459110
539.862713 -122.349387 -128.205062 9.302502 1.882324 -0.620276
540.327264 -122.254374 -128.241376 9.293007 1.821907 -0.867586
540.792014 -122.167197 -128.291821 9.273826 1.733584 -1.177766
541.254646 -122.081015 -128.359153 9.223619 1.814726 -1.420388
541.714376 -121.985724 -128.433860 9.169416 1.812856 -1.730203
542.171588 -121.899730 -128.532173 9.120854 1.758804 -2.013546
542.626461 -121.809844 -128.635214 9.031744 1.817204 -2.315468
543.074762 -121.718009 -128.763720 9.001387 1.757932 -2.475494
543.526600 -121.634050 -128.882764 9.113890 1.783905 -1.860060
543.986151 -121.539619 -128.949726 9.253350 1.795768 -0.871453
544.451935 -121.454474 -128.969909 9.305652 1.775734 -0.204976
544.916716 -121.362045 -128.970223 9.293718 1.823423 -0.284708
545.381307 -121.272131 -128.998380 8.734441 1.718519 -2.140757
545.790160 -121.190193 -129.184299 4.224155 0.837342 -6.453391
545.803722 -121.188397 -129.643719 3.299482 0.982835 -7.561232
546.120109 -121.091910 -129.940422 7.599734 2.497026 -3.567594
546.563696 -120.938694 -130.000478 8.912630 3.123423 -0.695620
547.011372 -120.779568 -130.009984 8.973719 3.126773 -0.167425
547.461068 -120.626017 -130.017221 8.995269 3.064251 0.114228
547.910898 -120.473143 -129.998562 9.005422 3.031565 0.378578
548.361610 -120.322861 -129.979363 8.993709 3.066617 0.275854
548.810269 -120.166481 -129.970976 8.991554 3.076702 -0.068141
549.260765 -120.015191 -129.986177 9.000389 3.032209 -0.380395
549.710308 -119.863260 -130.009016 8.989947 3.047976 -0.496887
550.159760 -119.710393 -130.035866 8.951867 3.108870 -0.773074
550.605495 -119.552373 -130.086323 8.923206 3.082638 -1.129874
551.052080 -119.402129 -130.148853 8.924899 2.992364 -1.328105
551.497985 -119.253136 -130.219134 8.867229 2.967293 -1.707114
551.938803 -119.105400 -130.319565 8.743283 3.036039 -2.154212
552.372313 -118.949532 -130.434555 8.685683 2.979911 -2.431389
552.807372 -118.807409 -130.562704 8.635176 2.911781 -2.669897
553.235831 -118.658354 -130.701545 8.704220 2.965863 -2.272220
553.677794 -118.510822 -130.789926 8.897536 3.054388 -0.943722
554.125584 -118.352916 -130.795917 8.989813 3.063990 0.097037
554.576775 -118.204423 -130.780222 9.007053 3.039661 0.157993
555.026290 -118.048950 -130.780117 9.000459 3.066207 -0.100391
555.476821 -117.897803 -130.790261 8.998008 3.074410 -0.099653
555.926091 -117.741509 -130.790083 8.995718 3.096063 0.006207
556.376393 -117.588196 -130.789640 8.988059 3.109072 -0.116395
556.824897 -117.430601 -130.801722 8.975102 3.132054 -0.004627
557.273903 -117.274991 -130.790103 9.008294 3.039156 0.117045
557.725726 -117.126686 -130.790018 9.034505 2.971630 0.001027
558.177353 -116.977828 -130.790000 9.001818 3.070412 0.000143
558.625908 -116.819645 -130.790003 8.995578 3.091381 -0.000728
559.076911 -116.668690 -130.790073 9.010150 3.046966 0.006807
559.526923 -116.514948 -130.789323 9.001288 3.062012 0.135547
559.977040 -116.362489 -130.776518 9.001397 3.042976 0.374143
560.427062 -116.210650 -130.751908 8.981197 3.104855 0.361496
560.875160 -116.052003 -130.740369 8.993080 3.082851 0.235433
561.326370 -115.902365 -130.728365 8.998118 3.064132 -0.072525
561.774971 -115.745590 -130.747621 8.979361 3.104746 -0.437604
562.224307 -115.591891 -130.772126 8.964621 3.067768 -0.767215
562.671434 -115.438813 -130.824343 8.929941 3.009464 -1.274108
563.117301 -115.290944 -130.899536 8.891243 2.975630 -1.603968
563.560558 -115.141250 -130.984740 8.828247 2.983640 -1.895498
564.000125 -114.992580 -131.089086 8.746929 2.800523 -2.441707
564.435251 -114.861198 -131.228910 8.575646 2.719412 -3.045608
564.857690 -114.720639 -131.393647 8.301565 2.662148 -3.715000
565.265407 -114.594983 -131.600410 6.412695 3.881237 -4.581043
565.498959 -114.332515 -131.851751 1.037045 7.075977 -2.386471
565.369112 -113.887386 -131.839057 1.222525 8.280606 -0.356113
565.621212 -113.504455 -131.887362 6.610787 6.178940 -0.880906
566.030190 -113.269492 -131.927148 8.571566 3.817674 -0.916998
566.478369 -113.122688 -131.979062 9.105070 2.508575 -0.901079
566.940697 -113.018634 -132.017256 9.265165 1.932850 -0.861233
567.404885 -112.929403 -132.065186 9.305937 1.725080 -0.898455
567.871291 -112.846126 -132.107101 9.269661 1.852800 -0.948087
568.331851 -112.744123 -132.159994 7.339437 4.088108 -1.186020
568.605235 -112.437315 -132.225703 1.340801 7.563586 -0.909513
568.465931 -111.987764 -132.250946 -2.935223 8.944061 -0.345460
568.311712 -111.542909 -132.260249 0.726494 6.920641 -0.598009
568.538581 -111.295700 -132.310746 6.535588 4.506809 -0.893698
568.965271 -111.092228 -132.349619 8.536275 4.097988 -0.598990
569.392208 -110.885901 -132.370645 8.549366 4.123287 -0.303917
569.820208 -110.679899 -132.380011 8.587500 4.066570 -0.194083
570.250958 -110.479244 -132.390054 8.602625 4.050243 -0.100980
570.680470 -110.274875 -132.390109 8.579409 4.103377 0.108340
571.108899 -110.068906 -132.379220 8.584829 4.093058 0.100878
571.538953 -109.865569 -132.380021 8.609190 4.046721 -0.010038
571.969818 -109.664234 -132.380224 8.613977 4.026777 -0.081576
572.400351 -109.462892 -132.388178 8.570499 4.105313 -0.313408
572.826868 -109.253703 -132.411564 8.539588 4.139453 -0.581963
573.254310 -109.048946 -132.446375 8.535973 4.070597 -0.929114
573.680465 -108.846643 -132.504476 8.543720 3.983134 -1.233998
574.108682 -108.650633 -132.569775 8.490269 4.013866 -1.472338
574.529492 -108.445257 -132.651710 8.391085 4.070225 -1.816114
574.947790 -108.243610 -132.751386 8.347244 3.923228 -2.263426
575.364216 -108.052934 -132.878052 8.243432 3.895812 -2.660404
575.772133 -107.854029 -133.017426 8.240373 3.970538 -2.531983
576.188254 -107.655880 -133.131251 8.421997 4.011299 -1.621514
576.614333 -107.452899 -133.179578 8.568143 4.035561 -0.403456
577.045068 -107.252324 -133.171596 8.593652 4.044633 0.296544
577.473698 -107.048436 -133.149923 8.587737 4.061227 0.309767
577.903842 -106.846201 -133.140619 8.589159 4.068501 0.091112
578.332614 -106.641586 -133.140812 8.556927 4.128413 -0.177160
578.759534 -106.433360 -133.158335 8.568136 4.096497 -0.461194
579.189428 -106.231936 -133.186932 8.566535 4.069637 -0.699076
579.616188 -106.026396 -133.228243 8.511421 4.089221 -1.073798
580.040570 -105.823014 -133.294311 8.508245 4.012136 -1.364629
580.467012 -105.625183 -133.364706 8.459783 3.957234 -1.734156
580.886548 -105.427291 -133.467727 8.317401 3.966466 -2.315590
581.298752 -105.228536 -133.596265 8.176250 3.930345 -2.813793
581.704173 -105.034256 -133.749106 8.170157 3.861274 -2.879637
582.115768 -104.842409 -133.884229 8.347001 3.923341 -2.030078
582.538873 -104.641922 -133.952114 8.514827 4.059920 -0.757642
582.967251 -104.436417 -133.959993 8.575805 4.104621 -0.078845
583.396454 -104.231460 -133.959999 8.590895 4.085410 -0.000785
583.826340 -104.027876 -133.960071 8.585516 4.090402 -0.095815
584.255006 -103.822420 -133.969580 8.590463 4.066645 -0.260506
584.685387 -103.621211 -133.986122 8.598613 4.042900 -0.357576
585.114867 -103.418130 -134.005338 8.593986 4.044485 -0.435309
585.544785 -103.216763 -134.029653 8.562328 4.099407 -0.477618
585.971100 -103.008189 -134.053099 8.546508 4.087192 -0.653983
586.399436 -102.808044 -134.095051 8.406980 3.977711 -0.936110
586.811798 -102.610418 -134.146710 6.465502 3.148364 -1.050526
587.045986 -102.493207 -134.200104 6.627907 3.179188 -0.831759
587.474588 -102.292499 -134.229886 8.546047 4.089639 -0.594196
587.900591 -102.084243 -134.259523 8.570893 4.073293 -0.417856
588.331678 -101.885170 -134.271672 8.599906 4.033399 -0.312387
588.760582 -101.680903 -134.290762 8.575674 4.102019 -0.185729
589.189245 -101.474968 -134.290245 8.585722 4.088538 -0.103061
589.619154 -101.272050 -134.301068 8.586519 4.089600 -0.097680
590.047897 -101.066008 -134.300013 8.600698 4.065093 0.004641
590.479224 -100.865540 -134.300604 8.586866 4.082754 0.106611
590.906583 -100.657733 -134.289352 8.564247 4.128528 0.106465
591.335648 -100.452687 -134.289958 8.590151 4.080121 0.046467
591.765599 -100.249721 -134.284705 8.596926 4.058486 0.193276
592.195341 -100.046839 -134.270630 8.594049 4.067249 0.141136
592.625003 -99.842996 -134.270591 8.589448 4.078159 0.113325
593.054286 -99.639023 -134.259297 8.600116 4.052911 0.105775
593.485015 -99.437705 -134.260014 8.580850 4.100286 -0.033813
593.912371 -99.228994 -134.262679 8.537007 4.183344 -0.268655
594.338716 -99.019370 -134.286879 8.567257 4.085680 -0.572475
594.769096 -98.820426 -134.319926 8.565081 4.060261 -0.713678
595.195224 -98.613344 -134.358247 8.532370 4.070547 -0.993163
595.622333 -98.413372 -134.419242 8.514151 4.039468 -1.258109
596.046639 -98.209397 -134.484058 8.479992 4.024455 -1.496045
596.470332 -98.010926 -134.568847 8.444611 3.999538 -1.762284
596.891100 -97.809443 -134.660287 8.398389 3.970708 -2.024311
597.310171 -97.613856 -134.771278 8.374715 3.938784 -2.168514
597.728572 -97.415565 -134.877138 8.370144 3.998095 -2.024197
598.147186 -97.214046 -134.973698 8.444551 4.063460 -1.401697
598.573027 -97.009219 -135.017308 8.493761 4.198723 -0.455084
598.996562 -96.794174 -135.019206 8.496484 4.249625 -0.124638
599.422675 -96.584257 -135.029771 8.585217 4.073174 -0.110144
599.855084 -96.386856 -135.030221 8.660967 3.912626 -0.167443
600.288772 -96.192994 -135.046516 8.745150 3.706739 -0.340276
600.729599 -96.016182 -135.064248 8.856933 3.420981 -0.473993
601.174465 -95.850896 -135.093915 8.920685 3.243587 -0.553276
601.621667 -95.691824 -135.119576 9.030427 2.888819 -0.623039
602.077508 -95.562014 -135.156219 9.163881 2.365273 -0.777119
602.538055 -95.455296 -135.197288 9.255747 1.808040 -1.032982
603.003083 -95.381210 -135.259517 9.175613 2.072873 -0.817381
603.455617 -95.248009 -135.279026 8.879382 3.208964 -0.456669
603.891021 -95.060314 -135.305184 8.682261 3.816878 -0.554024
604.323843 -94.866321 -135.334428 8.772928 3.598030 -0.564868
604.768314 -94.700511 -135.361671 8.898727 3.277163 -0.659008
605.213715 -94.538605 -135.400329 8.975411 3.023523 -0.788599
605.665855 -94.398158 -135.440531 9.068511 2.715276 -0.804268
606.120567 -94.267078 -135.480756 9.169383 2.380256 -0.590492
606.582793 -94.160133 -135.499580 9.203880 2.114098 -0.748488
607.040955 -94.055668 -135.555605 9.003550 2.428019 -1.451937
607.483148 -93.917331 -135.644774 8.524391 3.223222 -2.316207
607.893394 -93.733346 -135.787225 8.281959 3.878611 -2.328160
608.311344 -93.529470 -135.877590 8.447520 4.070889 -1.226523
608.738146 -93.326257 -135.909878 8.559744 4.073380 -0.426777
609.167318 -93.122132 -135.920267 8.674644 3.872591 -0.281396
609.605610 -92.938998 -135.938017 8.772663 3.648441 -0.368436
610.044584 -92.757288 -135.957111 8.843131 3.458898 -0.490735
610.489923 -92.593108 -135.987091 8.939523 3.201714 -0.496153
610.938537 -92.437116 -136.006726 8.975632 3.095393 -0.524553
611.387486 -92.283569 -136.039546 9.023188 2.941977 -0.572681
611.840856 -92.142919 -136.063994 9.102009 2.664960 -0.647249
612.297687 -92.017073 -136.104271 9.143032 2.481093 -0.756570
612.755159 -91.894809 -136.139651 9.111306 2.588196 -0.759547
613.208818 -91.758253 -136.180226 9.030154 2.886592 -0.665635
613.658174 -91.606150 -136.206215 8.875539 3.361868 -0.330023
614.096372 -91.422066 -136.213228 8.766473 3.678322 -0.138810
614.534821 -91.238318 -136.220096 8.721148 3.788442 -0.059616
614.968486 -91.043222 -136.219189 8.691256 3.847473 -0.097810
615.403947 -90.853570 -136.229877 8.728348 3.764507 -0.107956
615.841321 -90.666771 -136.229985 8.750899 3.725713 -0.001233
616.279037 -90.480999 -136.230000 8.714442 3.810314 -0.000150
616.712765 -90.285740 -136.230000 8.730429 3.774003 0.000002
617.152080 -90.103599 -136.230000 8.736808 3.761104 0.000000
617.586446 -89.909630 -136.230000 8.730091 3.776685 0.000000
618.025089 -89.725930 -136.230000 8.732243 3.771513 -0.000000
618.459671 -89.532478 -136.230000 8.715823 3.810939 -0.000000
618.896671 -89.344836 -136.230000 8.729341 3.778551 0.000000
619.332605 -89.154623 -136.230000 8.717809 3.807611 -0.000000
619.768452 -88.964075 -136.230000 8.745127 3.741965 -0.000000
620.207117 -88.780427 -136.230000 8.733187 3.769289 0.000000
620.641771 -88.587147 -136.230000 8.719555 3.802023 0.000000
621.079073 -88.400224 -136.230000 8.745309 3.741661 0.000000
621.516302 -88.212980 -136.230000 8.714843 3.814735 0.000000
621.950557 -88.018751 -136.230000 8.728526 3.780375 0.000000
622.389154 -87.834943 -136.230000 8.729617 3.777813 -0.000000
622.823519 -87.640969 -136.230000 8.730514 3.775701 0.000000
623.262206 -87.457373 -136.230000 8.747749 3.735835 0.000000
623.698294 -87.267386 -136.230000 8.746305 3.739180 -0.000000
624.136836 -87.083455 -136.230000 8.728969 3.779277 0.000000
624.571191 -86.889458 -136.230000 8.729412 3.778306 0.000000
625.009777 -86.705624 -136.230000 8.728850 3.779663 -0.000000
625.444076 -86.511492 -136.230000 8.698536 3.852464 0.000000
625.879631 -86.320378 -136.230000 8.728133 3.781385 0.000000
626.316889 -86.133353 -136.230000 8.723641 3.792174 -0.000000
626.751995 -85.941160 -136.230000 8.728624 3.780207 -0.000000
627.189751 -85.755333 -136.230000 8.724964 3.788996 0.000000
627.624491 -85.562261 -136.230000 8.728822 3.779732 0.000000
628.062634 -85.377360 -136.230000 8.726608 3.785049 0.000000
628.497152 -85.183756 -136.230000 8.729083 3.779103 -0.000000
628.935542 -84.999449 -136.230000 8.727875 3.781994 0.000000
629.369940 -84.805556 -136.230000 8.730564 3.775653 0.000000
629.808598 -84.621884 -136.230000 8.745057 3.742174 -0.000000
630.244445 -84.431339 -136.230000 8.745164 3.741840 0.000000
630.683115 -84.247700 -136.230000 8.730314 3.776185 0.000000
631.117477 -84.053721 -136.230000 8.730096 3.776671 0.000000
631.556124 -83.870033 -136.230000 8.731774 3.772642 0.000000
631.990654 -83.676456 -136.230000 8.713324 3.816940 0.000000
632.427457 -83.488339 -136.230000 8.728888 3.779590 -0.000000
632.863543 -83.298497 -136.230000 8.736471 3.762793 0.000000
633.301104 -83.112060 -136.230000 8.744206 3.744225 0.000000
633.737964 -82.924075 -136.230000 8.723382 3.792834 -0.000000
634.173442 -82.732776 -136.230000 8.728874 3.779606 0.000000
634.610851 -82.546114 -136.230000 8.720999 3.798517 0.000000
635.045542 -82.352924 -136.230000 8.733130 3.769384 0.000000
635.484164 -82.169176 -136.230000 8.729893 3.777160 0.000000
635.918531 -81.975208 -136.230000 8.728056 3.781461 -0.000000
636.356970 -81.791030 -136.230000 8.746606 3.738556 0.000000
636.793192 -81.601353 -136.230000 8.745118 3.742161 0.000000
637.231481 -81.416814 -136.230000 8.726893 3.784285 -0.000000
637.665881 -81.222924 -136.230000 8.691022 3.870514 0.000000
638.100584 -81.029762 -136.230000 8.734438 3.766834 0.000000
638.539325 -80.846241 -136.230000 8.745595 3.740894 -0.000000
638.975143 -80.655673 -136.230000 8.743016 3.746515 -0.000000
639.413627 -80.471589 -136.230000 8.728108 3.781484 0.000000
639.847954 -80.277524 -136.230000 8.692711 3.866305 0.000000
640.282898 -80.084959 -136.230000 8.742033 3.744988 0.000000
640.722157 -79.903026 -136.230000 8.738737 3.752994 -0.000000
641.156771 -79.709659 -136.230000 8.729463 3.778101 -0.000000
641.595104 -79.525215 -136.230000 8.730644 3.775215 0.000000
642.029836 -79.332138 -136.230000 8.747883 3.735400 0.000000
642.469892 -79.151675 -136.230000 8.745597 3.741040 0.000000
642.904395 -78.958034 -136.230000 8.690721 3.871253 0.000000
643.338964 -78.764550 -136.230000 8.728295 3.781028 -0.000000
643.777225 -78.579931 -136.230000 8.743842 3.744810 0.000000
644.213348 -78.390069 -136.230000 8.748712 3.733402 0.000000
644.652096 -78.206591 -136.230000 8.732629 3.770897 -0.000000
645.086611 -78.012979 -136.230000 8.726464 3.785386 0.000000
645.524743 -77.828052 -136.230000 8.726276 3.785719 -0.000000
645.959239 -77.634408 -136.230000 8.706907 3.833875 -0.000000
646.395433 -77.444665 -136.230000 8.745312 3.741713 0.000000
646.833770 -77.260236 -136.230000 8.727432 3.783014 0.000000
647.268177 -77.066363 -136.230000 8.729532 3.778028 0.000000
647.706723 -76.882433 -136.230000 8.733620 3.768197 0.000000
648.141539 -76.689544 -136.230000 8.727426 3.783039 0.000000
648.579466 -76.504130 -136.230000 8.743915 3.744915 -0.000000
649.015930 -76.315052 -136.230000 8.708219 3.830712 0.000000
649.450288 -76.121058 -136.230000 8.728425 3.780723 0.000000
649.888773 -75.936980 -136.230000 8.728522 3.780444 0.000000
650.323140 -75.743014 -136.230000 8.729764 3.777478 -0.000000
650.761749 -75.559232 -136.230000 8.749345 3.731874 0.000000
651.198074 -75.369827 -136.230000 8.739489 3.755564 0.000000
651.635698 -75.183676 -136.230000 8.728755 3.779932 -0.000000
652.070950 -74.991833 -136.230000 8.695461 3.859854 0.000000
652.505244 -74.797690 -136.230000 8.728125 3.781386 0.000000
652.943762 -74.613695 -136.230000 8.747020 3.737629 -0.000000
653.379946 -74.423927 -136.230000 8.746640 3.738421 0.000000
653.818426 -74.239853 -136.230000 8.728388 3.780629 0.000000
654.252785 -74.045865 -136.230000 8.730070 3.776731 0.000000
654.691433 -73.862180 -136.230000 8.731485 3.773332 -0.000000
655.125933 -73.668531 -136.230000 8.710479 3.823641 -0.000000
655.562481 -73.479815 -136.230000 8.744815 3.742798 0.000000
656.000415 -73.294251 -136.230000 8.738428 3.758261 0.000000
656.436324 -73.103989 -136.230000 8.728584 3.780289 -0.000000
656.873273 -72.916223 -136.230000 8.715093 3.812701 0.000000
657.307833 -72.722719 -136.230000 8.730498 3.775558 -0.000000
657.746323 -72.538667 -136.230000 8.746551 3.738613 0.000000
658.182488 -72.348858 -136.230000 8.747555 3.736345 0.000000
658.621078 -72.165032 -136.230000 8.728936 3.779460 0.000000
659.055382 -71.970912 -136.230000 8.698864 3.851679 -0.000000
659.490965 -71.779864 -136.230000 8.728149 3.781347 0.000000
659.928197 -71.592777 -136.230000 8.723591 3.792295 0.000000
660.363324 -71.400635 -136.230000 8.728649 3.780150 -0.000000
660.801062 -71.214762 -136.230000 8.724946 3.789044 0.000000
661.235819 -71.021731 -136.230000 8.746561 3.738735 -0.000000
661.675718 -70.840889 -136.230000 8.742215 3.749025 0.000000
662.110040 -70.646828 -136.230000 8.727532 3.782682 0.000000
662.548471 -70.462621 -136.230000 8.728245 3.781113 0.000000
662.982865 -70.268717 -136.230000 8.729521 3.778052 -0.000000
663.421423 -70.084815 -136.230000 8.729276 3.778642 0.000000
663.855792 -69.890853 -136.230000 8.730075 3.776740 0.000000
664.294431 -69.707141 -136.230000 8.750679 3.728836 0.000000
664.730860 -69.517969 -136.230000 8.735218 3.765819 0.000000
665.167952 -69.330559 -136.230000 8.727268 3.783323 -0.000000
665.603587 -69.139637 -136.230000 8.722723 3.794373 -0.000000
666.040225 -68.951122 -136.230000 8.728426 3.780683 0.000000
666.476430 -68.761568 -136.230000 8.722573 3.794738 0.000000
666.912482 -68.571648 -136.230000 8.728435 3.780661 0.000000
667.349273 -68.383502 -136.230000 8.722875 3.794009 0.000000
667.784769 -68.192247 -136.230000 8.727248 3.783367 -0.000000
668.221998 -68.005166 -136.230000 8.737087 3.761337 -0.000000
668.658478 -67.816114 -136.230000 8.750983 3.728110 0.000000
669.097096 -67.632355 -136.230000 8.729906 3.777137 0.000000
669.531469 -67.438400 -136.230000 8.729058 3.779167 0.000000
669.970002 -67.254438 -136.230000 8.729421 3.778293 0.000000
670.404411 -67.060571 -136.230000 8.727988 3.781734 -0.000000
670.842801 -66.876264 -136.230000 8.729094 3.779078 -0.000000
671.277320 -66.682663 -136.230000 8.726587 3.785098 0.000000
671.715459 -66.497755 -136.230000 8.724566 3.789952 0.000000
672.149777 -66.303668 -136.230000 8.729187 3.778855 0.000000
672.588378 -66.119869 -136.230000 8.729623 3.777808 0.000000
673.022739 -65.925887 -136.230000 8.730176 3.776478 0.000000
673.461396 -65.742221 -136.230000 8.730180 3.776470 0.000000
673.895757 -65.548240 -136.230000 8.730022 3.776848 -0.000000
674.334398 -65.364537 -136.230000 8.730054 3.776773 0.000000
674.768762 -65.170563 -136.230000 8.729895 3.777188 0.000000
675.207387 -64.986818 -136.230000 8.743425 3.745890 -0.000000
675.643105 -64.795974 -136.230000 8.744272 3.744062 0.000000
676.081815 -64.612412 -136.230000 8.731726 3.772988 0.000000
676.516278 -64.418675 -136.230000 8.726985 3.784133 0.000000
676.954513 -64.233998 -136.230000 8.727671 3.782495 0.000000
677.389045 -64.040425 -136.230000 8.690444 3.871898 -0.000000
677.823558 -63.846808 -136.230000 8.727926 3.781882 0.000000
678.261837 -63.662237 -136.230000 8.731580 3.773111 0.000000
678.696716 -63.469497 -136.230000 8.732385 3.771118 -0.000000
679.135076 -63.285125 -136.230000 8.746786 3.738173 0.000000
679.571394 -63.095680 -136.230000 8.742464 3.748484 -0.000000
680.009322 -62.910277 -136.230000 8.727373 3.783085 0.000000
680.444131 -62.717372 -136.230000 8.724630 3.789799 0.000000
680.881785 -62.531297 -136.230000 8.727901 3.781942 -0.000000
681.316922 -62.339177 -136.230000 8.694321 3.862588 -0.000000
681.751217 -62.145038 -136.230000 8.728352 3.780868 0.000000
682.189757 -61.961091 -136.230000 8.741790 3.749320 0.000000
682.625396 -61.770106 -136.230000 8.743146 3.746776 -0.000000
683.064071 -61.586413 -136.230000 8.736084 3.763019 0.000000
683.499005 -61.393804 -136.230000 8.692608 3.866712 0.000000
683.933332 -61.199742 -136.230000 8.727499 3.782856 0.000000
684.371755 -61.015519 -136.230000 8.750936 3.728208 0.000000
684.808426 -60.826921 -136.230000 8.745881 3.740273 0.000000
685.246343 -60.641491 -136.230000 8.726770 3.784520 -0.000000
685.681103 -60.448469 -136.230000 8.693789 3.863750 0.000000
686.115722 -60.255116 -136.230000 8.747527 3.736247 0.000000
686.555855 -60.074844 -136.230000 8.745410 3.741467 -0.000000
686.990262 -59.880970 -136.230000 8.691699 3.868916 0.000000
687.425025 -59.687953 -136.230000 8.726520 3.785131 0.000000
687.862914 -59.502457 -136.230000 8.744690 3.743132 -0.000000
688.299494 -59.313640 -136.230000 8.719960 3.802601 -0.000000
688.734910 -59.122197 -136.230000 8.728034 3.781570 0.000000
689.172298 -58.935483 -136.230000 8.720467 3.799853 0.000000
689.606957 -58.742211 -136.230000 8.748930 3.728069 0.000000
690.047191 -58.562676 -136.230000 8.744421 3.739134 0.000000
690.481399 -58.368298 -136.230000 8.686445 3.881809 -0.000000
690.915835 -58.174495 -136.230000 8.731152 3.774175 -0.000000
691.354515 -57.990880 -136.230000 8.748535 3.733927 0.000000
691.790689 -57.801102 -136.230000 8.726852 3.785895 0.000001
692.227200 -57.612291 -136.230000 8.727719 3.782298 0.000003
692.663461 -57.422872 -136.230000 8.722877 3.794068 -0.000575
693.099487 -57.232884 -136.230057 8.742239 3.749365 -0.009739
693.537684 -57.047936 -136.230974 8.747332 3.731869 0.098808
693.974221 -56.859697 -136.220177 8.693380 3.854687 0.109508
694.407023 -56.662467 -136.220023 8.715154 3.811506 0.001551
694.845736 -56.478547 -136.220022 8.752609 3.728087 0.002917
695.282283 -56.289658 -136.219731 8.715124 3.802315 -0.099141
695.717248 -56.098315 -136.229936 8.700324 3.823586 -0.198644
696.152316 -55.907300 -136.239596 8.706288 3.808626 -0.245464
696.587877 -55.717452 -136.254482 8.737360 3.734189 -0.336135
697.026052 -55.533881 -136.273209 8.722965 3.764018 -0.385874
697.460174 -55.341051 -136.293069 8.693753 3.817733 -0.463323
697.895427 -55.152107 -136.319541 8.730890 3.697868 -0.630447
698.333263 -54.971264 -136.356114 8.667171 3.660591 -0.887381
698.762144 -54.786048 -136.408280 6.094432 3.634533 -1.056985
698.942706 -54.607811 -136.461813 5.094215 5.160705 -0.997657
699.271566 -54.269978 -136.508045 6.609944 6.754659 -0.776529
699.603700 -53.932345 -136.539465 6.647696 6.760989 -0.516289
699.936335 -53.593879 -136.559674 6.626871 6.796924 -0.416212
700.266387 -53.252652 -136.581087 6.626507 6.812061 -0.203308
700.598986 -52.912673 -136.580005 6.674038 6.773223 0.000559
700.933791 -52.575330 -136.581031 6.651397 6.785499 -0.093130
701.264126 -52.234123 -136.589318 6.589021 6.845999 -0.175307
701.592693 -51.890730 -136.598561 6.626312 6.809209 -0.302465
701.926757 -51.553202 -136.619565 6.610397 6.812581 -0.472113
702.253733 -51.209472 -136.645773 6.653225 6.764363 -0.417388
702.592079 -50.876766 -136.661303 6.684300 6.724164 -0.539457
702.922163 -50.537055 -136.699718 6.735336 6.630013 -0.787875
703.265613 -50.213765 -136.740091 5.617754 7.172068 -1.052830
703.483938 -49.819849 -136.805001 3.441959 8.501388 -0.959090
703.609809 -49.363626 -136.836000 2.465210 9.148158 -0.617804
703.730459 -48.905033 -136.866782 2.433512 9.164580 -0.689290
703.853160 -48.447168 -136.904929 2.421172 9.171280 -0.641573
703.972576 -47.987905 -136.930939 2.416078 9.174828 -0.546426
704.094768 -47.529685 -136.959571 2.466700 9.154280 -0.689609
704.219246 -47.072477 -136.999900 2.424098 9.161299 -0.702927
704.337178 -46.613555 -137.029864 2.438822 9.150800 -0.652632
704.463129 -46.157397 -137.065163 2.445267 9.141064 -0.706835
704.581704 -45.699449 -137.100548 2.372325 9.171607 -0.559288
704.700361 -45.240236 -137.121092 2.381837 9.189804 -0.294304
704.819888 -44.780468 -137.129978 2.418487 9.194154 -0.088052
704.942210 -44.320821 -137.129897 2.427135 9.193997 -0.103904
705.062602 -43.861069 -137.140369 2.465984 9.184027 -0.108218
705.188808 -43.402418 -137.140719 2.465113 9.185572 0.108542
705.309113 -42.942511 -137.129514 2.395627 9.203675 0.106278
705.428371 -42.482050 -137.130091 2.446250 9.189969 -0.053161
705.553738 -42.023515 -137.134830 2.513568 9.170113 -0.100643
705.679728 -41.565039 -137.140156 2.490675 9.176907 -0.155326
705.802805 -41.105824 -137.150363 2.394002 9.198878 -0.196907
705.919128 -40.645151 -137.159846 2.345031 9.208243 -0.295965
706.037308 -40.185000 -137.179960 2.449805 9.175017 -0.400561
706.164108 -39.727650 -137.199902 2.503523 9.152849 -0.490849
706.287661 -39.269715 -137.229044 2.410861 9.170591 -0.640725
706.405195 -38.810591 -137.263975 2.557023 9.078060 -0.832088
706.543363 -38.361909 -137.312253 1.274800 8.917286 -1.129938
706.532675 -37.918862 -137.376969 -0.695132 9.107494 -1.143028
706.473850 -37.451159 -137.426556 -1.271144 9.349122 -0.984346
706.405560 -36.983950 -137.475403 -1.329470 9.362121 -0.831741
706.340903 -36.514947 -137.509730 -1.256017 9.286252 -0.744190
706.279958 -36.055325 -137.549822 -0.818749 6.432414 1.594592
706.259028 -35.871706 -137.350271 -0.837483 6.520184 1.774420
706.196210 -35.403306 -137.372380 -1.238169 9.339323 -0.942907
706.135211 -34.937773 -137.444562 -1.262376 9.335018 -1.176579
706.069972 -34.469804 -137.490038 -1.262869 9.350568 -0.862890
706.008924 -34.002717 -137.530851 -1.201849 9.259973 -0.900769
705.949788 -33.543807 -137.580115 -0.493109 8.008952 -0.785954
705.959613 -33.201821 -137.609446 3.536933 6.252268 -0.806417
706.303481 -32.918580 -137.660757 7.873966 4.117056 -1.023925
706.747010 -32.790116 -137.711839 6.571838 2.479648 -0.471464
706.960665 -32.670615 -137.707903 4.356569 1.692503 3.131554
707.182667 -32.620865 -137.398683 3.272212 5.086148 3.483099
707.287886 -32.162001 -137.359593 1.722314 9.287181 0.258667
707.354898 -31.692147 -137.372816 1.211205 9.408037 -0.495298
707.409006 -31.221197 -137.409123 1.138705 9.421990 -0.564749
707.468769 -30.749948 -137.429291 1.133459 9.433256 -0.404601
707.522352 -30.277871 -137.449583 1.063165 9.445152 -0.304630
707.575085 -29.805433 -137.459754 1.104722 9.444379 -0.107024
707.632824 -29.333433 -137.460286 1.160443 9.436493 -0.105033
707.691130 -28.861784 -137.470258 1.099382 9.444293 -0.097218
707.742763 -28.389004 -137.470008 1.060776 9.452295 0.009759
707.797207 -27.916554 -137.469282 1.163260 9.437081 -0.086691
707.859089 -27.445296 -137.478677 1.159269 9.435134 -0.218988
707.913134 -26.973041 -137.491181 1.133481 9.436195 -0.316862
707.972437 -26.501677 -137.510363 1.273475 9.416553 -0.326995
708.040482 -26.031386 -137.523880 1.325724 9.397819 -0.478934
708.105009 -25.561895 -137.558256 0.984149 9.394249 -0.674340
708.138896 -25.091961 -137.591314 -2.491517 8.162784 -1.091339
707.855858 -24.745616 -137.667390 -5.426789 7.331606 -1.406330
707.596218 -24.358800 -137.731947 -3.975927 8.372154 -1.229105
707.458265 -23.908401 -137.790301 -1.939408 9.187448 -1.062452
707.402277 -23.440055 -137.838192 -0.420892 9.408693 -0.735798
707.416176 -22.967532 -137.863880 0.106052 4.827181 -2.542909
707.412882 -22.957337 -138.092483 -0.575307 -4.295480 -2.865337
707.358645 -23.397080 -138.150414 -0.725282 -6.188667 3.522510
707.340354 -23.576204 -137.740232 0.292829 1.805358 6.587797
707.387928 -23.216544 -137.491634 1.054207 8.288918 2.442429
707.445774 -22.747312 -137.495989 1.155153 9.337454 -0.853335
707.503443 -22.282798 -137.576968 1.133743 9.268261 -1.720321
707.559149 -21.820486 -137.668021 1.055035 9.336729 -0.840827
707.608947 -21.349126 -137.661051 1.104246 9.159526 1.451320
707.669573 -20.904533 -137.522889 0.815518 6.063724 5.533234
707.690498 -20.742753 -137.107727 0.707298 5.937937 5.124802
707.740303 -20.310740 -137.010409 1.080324 9.024661 0.777918
707.798531 -19.840287 -137.029935 1.067011 9.382101 0.249793
707.847004 -19.372529 -136.985430 1.013173 8.996753 2.295551
707.899848 -18.940612 -136.800380 0.927581 7.444440 5.251226
707.939762 -18.628085 -136.460307 0.401519 3.706458 8.080432
707.940000 -18.569966 -135.992337 0.002376 0.580854 9.436594
707.940000 -18.570000 -135.516648 -0.395819 2.650193 4.620083
707.900418 -18.304947 -135.530329 -1.004884 7.336161 -0.436226
707.839512 -17.836384 -135.560270 -1.207545 9.385161 -0.598889
707.779664 -17.366431 -135.590218 -1.271872 9.390891 -0.507213
707.712324 -16.897295 -135.610992 -1.099074 9.403418 -0.407934
707.669756 -16.426089 -135.631011 -1.520712 9.166492 -0.540420
707.560253 -15.980646 -135.665034 -5.271735 6.412569 -0.885637
707.142583 -15.784832 -135.719575 -8.238492 4.142883 -1.032669
706.736404 -15.566357 -135.768301 -6.216053 6.310422 -0.799380
706.520977 -15.153790 -135.799513 -2.868482 8.814029 -0.421045
706.449556 -14.684954 -135.810405 -1.432245 9.373265 -0.300500
706.377753 -14.216463 -135.829563 -1.268598 9.396822 -0.377569
706.322696 -13.745272 -135.848162 -1.132968 9.417980 -0.405127
706.264456 -13.274665 -135.870076 -1.105725 9.419835 -0.453939
706.212123 -12.803289 -135.893556 -1.536305 9.327730 -0.496692
706.110825 -12.341892 -135.919745 -4.459905 7.281493 -0.864474
705.766133 -12.075140 -135.980003 -7.200225 5.307818 -1.200175
705.390803 -11.811110 -136.039762 -5.947694 6.814169 -1.062652
705.171364 -11.393723 -136.086268 -3.692917 8.647872 -0.935942
705.021511 -10.946323 -136.133356 -2.682963 9.052785 -0.917471
704.903067 -10.488444 -136.178016 -1.954947 9.251674 -0.804222
704.826017 -10.021156 -136.213779 -1.472345 9.348242 -0.758427
704.755833 -9.553620 -136.253858 -1.285796 9.375616 -0.695142
704.697437 -9.083594 -136.283293 -1.289865 9.359023 -0.886513
704.626846 -8.617718 -136.342510 -1.274666 9.337653 -1.167269
704.569970 -8.149829 -136.400020 -1.200255 9.375202 -0.725128
704.506821 -7.680198 -136.415022 -1.286215 9.387971 0.183971
704.441349 -7.211032 -136.381623 -1.347857 9.309341 1.190600
704.372035 -6.749263 -136.295962 -1.297967 8.892352 2.733760
704.311552 -6.321797 -136.108247 -1.061951 7.875337 4.718662
704.265840 -5.961730 -135.824096 -1.100038 8.276207 2.699841
704.201548 -5.494176 -135.838263 -1.291271 9.360040 -0.555016
704.136713 -5.025726 -135.879598 -1.287156 9.389183 -0.528008
704.072833 -4.555257 -135.891063 -1.248495 9.404595 0.184425
704.011863 -4.085266 -135.861155 -1.265790 9.370198 0.852942
703.946254 -3.618238 -135.805769 -1.334719 9.301122 1.332479
703.878391 -3.155154 -135.727907 -1.288095 9.269605 1.582300
703.817444 -2.691277 -135.647539 -1.266602 9.324350 1.164087
703.751731 -2.222719 -135.611499 -1.351160 9.379761 0.287054
703.682328 -1.753301 -135.618834 -1.274835 9.402908 -0.087925
703.624248 -1.282428 -135.620291 -1.257891 9.318785 0.850731
703.556539 -0.821423 -135.533761 -1.253875 8.882400 2.741881
703.498860 -0.394188 -135.346103 -1.216033 8.708661 2.935895
703.434936 0.049443 -135.240171 -1.239306 9.134057 0.756612
703.374930 0.519218 -135.270442 -1.260331 9.389096 -0.600810
703.308903 0.988353 -135.300252 -1.330553 9.389920 -0.490435
703.241874 1.458210 -135.319485 -1.243509 9.411307 -0.351095
703.184552 1.929484 -135.335362 -1.138353 9.427377 -0.307669
703.128039 2.400947 -135.350252 -1.222242 9.415673 -0.335731
703.062328 2.871051 -135.368935 -1.380054 9.388743 -0.397412
702.990034 3.339822 -135.389993 -1.795646 9.309048 -0.401073
702.882763 3.801956 -135.409042 -3.108480 8.814657 -0.698415
702.679186 4.221287 -135.459835 -4.430105 8.162566 -1.154066
702.439753 4.618212 -135.524449 -3.641111 8.525675 -1.013927
702.315075 5.073855 -135.561228 -2.061246 9.222025 -0.725041
702.233628 5.540415 -135.596953 -1.473805 9.359806 -0.647655
702.167694 6.009835 -135.625993 -1.364964 9.384105 -0.574552
702.097132 6.478825 -135.654408 -1.342764 9.388135 -0.533785
702.033418 6.948649 -135.679372 -1.300726 9.387466 -0.546550
701.967059 7.417572 -135.709063 -1.273506 9.384693 -0.611144
701.906067 7.887118 -135.740486 -1.318403 9.376333 -0.584877
701.835219 8.355205 -135.767551 -1.293433 9.390319 -0.413473
701.776724 8.826150 -135.781833 -1.245886 9.409717 -0.322894
701.710630 9.296177 -135.799840 -1.300504 9.410644 -0.280103
701.646673 9.767214 -135.809844 -1.323025 9.412528 -0.207052
701.578328 10.237430 -135.820545 -1.329225 9.412987 -0.101858
701.513751 10.708513 -135.820029 -1.274965 9.424780 0.005614
701.450831 11.179908 -135.819984 -1.285412 9.423757 0.002844
701.385210 11.650889 -135.819745 -1.341888 9.414010 0.105372
701.316642 12.121309 -135.809447 -1.274706 9.423219 0.096366
701.257739 12.593211 -135.810108 -1.305822 9.420365 -0.075810
701.186060 13.063345 -135.817028 -1.315159 9.415637 -0.204283
701.126223 13.534774 -135.830537 -1.267934 9.417867 -0.326189
701.059267 14.005132 -135.849647 -1.285629 9.416381 -0.291444
700.997660 14.476413 -135.859681 -1.243816 9.423860 -0.207383
700.934885 14.947518 -135.870385 -1.343267 9.412168 -0.102931
700.863334 15.417629 -135.869974 -1.344282 9.411519 0.047306
700.800457 15.888670 -135.865654 -1.254684 9.414746 0.189915
700.737865 16.359104 -135.850983 -1.252138 9.353588 0.566668
700.675243 16.824029 -135.808988 -1.128075 9.308360 0.668821
700.625058 17.289940 -135.784101 -1.052857 9.362106 -0.110314
700.569957 17.760239 -135.820019 -1.396033 9.325049 -1.037983
700.485455 18.222445 -135.887899 -1.857573 9.230210 -1.220587
700.384200 18.683260 -135.942078 -2.646253 9.045953 -0.947106
700.220829 19.127040 -135.982610 -4.267567 8.325092 -0.902028
699.957443 19.515769 -136.032280 -6.582415 6.326619 -1.270362
699.562588 19.759702 -136.109646 -6.173084 6.546806 -1.078835
699.340135 20.170450 -136.140164 -3.367532 8.699030 -0.631789
699.225834 20.629605 -136.172825 -1.994870 9.252784 -0.695202
699.140648 21.095729 -136.209684 -1.535523 9.356229 -0.710255
699.072282 21.565228 -136.243850 -1.376215 9.388374 -0.691273
699.003027 22.034566 -136.278812 -1.736397 9.314377 -0.741637
698.898642 22.496666 -136.318014 -2.621363 9.075652 -0.738382
698.740890 22.942131 -136.352650 -4.078821 8.415162 -0.892394
698.490760 23.338182 -136.407253 -5.942002 7.097194 -1.351036
698.146690 23.651851 -136.487753 -6.139113 6.995669 -1.220871
697.876849 24.037749 -136.529340 -4.388964 8.283217 -0.655864
697.707794 24.480172 -136.553340 -2.840683 9.029010 -0.509325
697.592781 24.940650 -136.580273 -2.064629 9.264548 -0.430667
697.501331 25.406627 -136.596407 -1.585243 9.363496 -0.292274
697.434256 25.876999 -136.609500 -1.175413 9.425572 -0.320835
697.383789 26.349184 -136.628490 -1.129399 9.430414 -0.402841
697.321317 26.820041 -136.649784 -1.284764 9.415198 -0.327145
697.255313 27.290704 -136.661205 -1.538084 9.366707 -0.407269
697.167508 27.756712 -136.690511 -2.068994 9.242114 -0.594467
697.048413 28.214916 -136.720651 -2.949348 8.950148 -0.859845
696.872573 28.651726 -136.776496 -3.866011 8.561136 -1.039877
696.661812 29.071029 -136.824639 -3.962718 8.508097 -0.949406
696.476302 29.502536 -136.871436 -2.822154 8.947960 -0.658647
696.379597 29.965825 -136.890504 -1.638558 9.325211 -0.378506
696.312446 30.435057 -136.909287 -1.303003 9.392263 -0.397623
696.249297 30.905051 -136.930266 -1.203762 9.415319 -0.293652
696.192070 31.376589 -136.938652 -1.152111 9.425959 -0.301043
696.134086 31.847647 -136.960370 -1.239448 9.412781 -0.480452
696.068125 32.317867 -136.986697 -1.278700 9.417502 -0.296714
696.006216 32.789397 -136.990041 -1.221227 9.433912 -0.033599
695.946002 33.261258 -136.990057 -1.189862 9.437216 0.058519
695.887229 33.733119 -136.984190 -1.211991 9.424835 0.366445
695.824803 34.203742 -136.953413 -1.274840 9.385298 0.844489
695.759745 34.671649 -136.899741 -1.270597 9.321249 1.339791
695.697743 35.135867 -136.819434 -1.149443 9.251681 1.822109
695.644801 35.596817 -136.717530 -1.173509 9.109791 2.383120
695.580392 36.046846 -136.581122 -1.215334 9.003967 2.699428
695.523268 36.497214 -136.447587 -1.170806 9.169261 1.809873
695.463312 36.963772 -136.400134 -1.193691 9.370166 0.255271
695.403899 37.434230 -136.422060 -1.262516 9.392919 -0.632041
695.337060 37.903064 -136.463339 -1.246887 9.399518 -0.578838
695.279210 38.374182 -136.479944 -1.239924 9.418827 -0.173612
695.213068 38.844947 -136.480700 -1.201172 9.410680 0.408680
695.159093 39.315250 -136.439075 -1.215896 9.299690 1.368161
695.091478 39.774916 -136.343884 -1.191130 9.049215 2.391108
695.039980 40.220172 -136.199965 -1.121006 9.114451 1.838569
694.979377 40.686361 -136.160027 -1.219658 9.363931 0.204252
694.918014 41.156565 -136.179540 -1.247288 9.405536 -0.407401
694.854649 41.626914 -136.200767 -1.212808 9.417020 -0.432033
694.796733 42.098267 -136.222743 -1.082462 9.436416 -0.402255
694.746402 42.570556 -136.240992 -0.969925 9.448959 -0.373671
694.699741 43.043163 -136.260110 -1.032405 9.443477 -0.379330
694.643162 43.514904 -136.278925 -1.178105 9.431134 -0.296898
694.581930 43.986276 -136.289800 -1.409663 9.390891 -0.345570
694.502196 44.453993 -136.313482 -2.073010 9.239472 -0.495429
694.374629 44.910223 -136.339343 -3.875333 8.440809 -0.660505
694.114662 45.298074 -136.379533 -6.749180 5.899072 -1.206810
693.699711 45.500130 -136.460024 -8.337785 4.088086 -1.428295
693.280884 45.706882 -136.522362 -6.853773 5.901135 -1.064597
693.014334 46.090244 -136.566483 -3.968860 8.376345 -0.776521
692.883998 46.544517 -136.600014 -2.098889 9.223840 -0.540625
692.804445 47.012628 -136.620546 -1.305323 9.404105 -0.285555
692.753466 47.484927 -136.628570 -1.039619 9.440389 -0.292852
692.700483 47.956667 -136.649831 -1.187626 9.424524 -0.325913
692.634703 48.427380 -136.661161 -1.443286 9.391412 -0.196888
692.556154 48.895808 -136.669520 -1.964687 9.284351 -0.283006
692.438234 49.355815 -136.689462 -3.091341 8.931633 -0.505007
692.247020 49.788971 -136.720020 -4.870369 8.004483 -0.744888
691.951197 50.156263 -136.763951 -6.928188 6.202746 -0.899570
691.554201 50.409246 -136.809977 -8.102428 4.769610 -0.861688
691.140954 50.633224 -136.850120 -6.744208 6.112865 -0.700047
690.879781 51.020532 -136.879982 -3.695223 8.490487 -0.401357
690.771432 51.482273 -136.890255 -1.751956 9.317963 -0.274026
690.704585 51.952328 -136.907385 -1.231804 9.413130 -0.399813
690.648252 52.423586 -136.930237 -1.344945 9.394790 -0.462389
690.570090 52.891807 -136.953624 -1.833696 9.307013 -0.562345
690.464882 53.354287 -136.986471 -2.340255 9.188889 -0.671705
690.336065 53.810696 -137.020794 -2.932907 8.996923 -0.793914
690.171591 54.253979 -137.065862 -3.744740 8.647879 -1.028752
689.961591 54.675484 -137.123669 -4.933920 7.940838 -1.043049
689.678200 55.048063 -137.170167 -6.725791 4.737174 1.155334
689.289012 55.149202 -137.008136 -4.801216 3.520224 4.734895
689.198078 55.400085 -136.696678 -1.594808 7.156697 2.877333
689.129531 55.864871 -136.720403 -1.305605 9.329688 -0.532687
689.067517 56.333054 -136.749947 -1.312844 9.354568 -0.602163
688.998247 56.800328 -136.780619 -1.336624 9.358404 -0.700620
688.933855 57.268895 -136.820009 -1.252295 9.389557 -0.411850
688.873017 57.739284 -136.821804 -1.286632 9.386093 0.295434
688.805192 58.207504 -136.790465 -1.343045 9.284743 1.239024
688.738713 58.667758 -136.697901 -1.269557 9.061706 2.452568
688.678236 59.113675 -136.545208 -1.207177 8.657512 3.652921
688.617995 59.533509 -136.332609 -1.185949 8.200197 4.570813
688.559641 59.933694 -136.088127 -1.196604 8.623796 3.029418
688.498334 60.395889 -136.029667 -1.314048 9.306417 0.278748
688.428236 60.864336 -136.060252 -1.387038 9.377415 -0.606144
688.359631 61.333630 -136.090282 -1.255744 9.389491 -0.743208
688.302662 61.803285 -136.134573 -1.304271 9.388259 -0.645265
688.229204 62.272456 -136.154808 -1.339712 9.404785 -0.366967
688.168691 62.743763 -136.171270 -1.219976 9.426765 -0.262470
688.107206 63.215133 -136.181055 -1.164591 9.433934 -0.189576
688.052232 63.687157 -136.190227 -1.112502 9.437270 -0.189364
687.995956 64.158860 -136.199992 -1.171511 9.420389 -0.295607
687.935081 64.629196 -136.219788 -1.513168 9.352397 -0.390566
687.844639 65.094099 -136.239048 -3.032484 8.797638 -0.593401
687.631832 65.508960 -136.279128 -6.063436 6.613121 -1.062127
687.238295 65.755412 -136.345261 -7.128612 5.889826 -1.143298
686.918971 66.097942 -136.393458 -5.083951 7.748263 -0.852440
686.729900 66.530238 -136.430505 -3.040822 8.912982 -0.752668
686.614889 66.989240 -136.468725 -1.913556 9.265035 -0.650437
686.538545 67.456741 -136.495549 -1.443716 9.371644 -0.411229
686.470517 67.926405 -136.509848 -1.298769 9.400505 -0.347606
686.408668 68.396792 -136.530309 -1.311023 9.393739 -0.502623
686.339415 68.865779 -136.560110 -1.309380 9.388291 -0.613357
686.277730 69.335621 -136.591645 -1.229589 9.398875 -0.626748
686.216456 69.805666 -136.622785 -1.349244 9.379016 -0.653589
686.142805 70.273523 -136.657004 -1.382677 9.367215 -0.664073
686.078188 70.742388 -136.689192 -1.303126 9.364284 -0.611885
686.012493 71.209951 -136.718192 -1.286530 9.160224 -0.820294
685.949535 71.658410 -136.771221 -1.234385 9.173981 -0.716610
685.889054 72.127349 -136.789853 -1.278746 9.382668 -0.376540
685.821661 72.596677 -136.808875 -1.314582 9.396621 -0.291949
685.757596 73.067011 -136.819048 -1.358614 9.388204 -0.282689
685.685799 73.535497 -136.837144 -1.332251 9.389190 -0.357527
685.624371 74.005930 -136.854801 -1.299605 9.383076 -0.555196
685.555839 74.473805 -136.892664 -1.361303 9.360717 -0.752275
685.488241 74.942002 -136.930029 -1.289122 9.389765 -0.482419
685.426927 75.412781 -136.940906 -1.289726 9.393452 0.219864
685.359268 75.881347 -136.908042 -1.345319 9.290366 1.246997
685.292395 76.341818 -136.816206 -1.287815 9.052267 2.463575
685.230487 76.786574 -136.661685 -1.119988 8.444009 4.028751
685.180396 77.186219 -136.413331 -0.952031 7.128781 5.867616
685.135283 77.499452 -136.074923 -1.118861 7.716616 3.121064
685.068510 77.957880 -136.101225 -1.308113 9.262978 -0.499080
685.004472 78.425750 -136.124831 -1.281214 9.181448 0.992333
684.940388 78.876025 -136.001991 -1.190372 8.594308 3.451699
684.885435 79.285180 -135.779661 -1.207495 8.605613 3.333503
684.819639 79.736587 -135.668641 -1.302237 9.148508 1.837762
684.755211 80.200031 -135.595885 -1.204104 8.983577 2.407451
684.699229 80.634944 -135.427896 -1.206727 8.800786 2.897330
684.634539 81.080110 -135.306152 -1.347613 9.136287 1.287906
684.564467 81.548573 -135.299106 -1.351450 9.380745 -0.136090
684.499394 82.018184 -135.319761 -1.341382 9.390010 -0.010258
684.430329 82.487574 -135.300131 -1.313216 9.346648 0.812422
684.368072 82.952849 -135.238519 -1.226441 9.196371 1.859533
684.307685 83.407211 -135.114178 -1.177994 8.416769 3.779313
684.250273 83.794526 -134.860587 -1.144341 7.896513 3.382898
684.193251 84.196862 -134.775888 -1.196761 8.695208 0.410703
684.130597 84.664047 -134.819517 -1.319474 9.355963 -0.736419
684.061303 85.132459 -134.849530 -1.302163 9.383308 -0.607355
684.000380 85.602378 -134.880253 -1.282998 9.384446 -0.695939
683.933004 86.070903 -134.919124 -1.372997 9.364061 -0.769097
683.863081 86.538784 -134.957162 -1.335919 9.361573 -0.706363
683.799412 87.007060 -134.989760 -1.130805 8.711741 -0.410670
683.750000 87.409958 -134.998229 -0.813268 4.554211 4.324856
683.718085 87.462482 -134.557275 1.801980 3.801270 3.982023
683.930198 87.790085 -134.600027 6.085418 5.727747 -0.929529
684.326627 88.035256 -134.650228 6.309384 6.257604 -0.836920
684.561136 88.415845 -134.683719 1.940455 8.512794 -0.494480
684.520672 88.886536 -134.699676 -1.081399 9.390378 -0.371694
684.452997 89.354883 -134.720888 -1.255545 9.364301 -0.409420
684.395118 89.822966 -134.740618 -1.226008 9.332729 -0.463728
684.330396 90.288156 -134.767261 -1.269965 9.312117 -0.495750
684.268121 90.754177 -134.790193 -1.281822 9.346593 -0.433915
684.202213 91.222815 -134.810653 -1.328375 9.389209 -0.298986
684.135284 91.693098 -134.820091 -1.380745 9.399708 -0.193338
684.064139 92.162786 -134.829986 -1.312307 9.389363 -0.360542
684.004053 92.632035 -134.856146 -1.222074 9.375340 -0.607163
683.941932 93.100320 -134.890703 -1.255308 9.279243 0.506134
683.878522 93.559959 -134.805532 -1.234665 8.763265 2.940899
683.818465 93.976647 -134.596613 -1.180134 8.272866 4.051231
683.760509 94.387246 -134.400409 -1.258955 8.724226 1.591651
683.692570 94.849069 -134.437448 -1.388015 9.262482 -0.986558
683.621707 95.313494 -134.499065 -1.466614 9.238686 -0.161336
683.545908 95.772938 -134.453581 -0.969352 8.023186 3.284549
683.524772 96.115812 -134.170610 3.930620 3.868925 4.435745
683.938970 96.159831 -134.010007 8.700738 1.483456 1.038276
684.394846 96.264158 -134.066782 8.302205 3.764765 -1.110803
684.769191 96.536307 -134.121087 5.153888 7.136975 -0.819202
684.910235 96.977855 -134.148703 1.301184 9.130919 -0.489725
684.899309 97.449399 -134.170060 -0.857781 9.387485 -0.313040
684.824457 97.916604 -134.180007 -1.094495 9.229045 -0.400128
684.789860 98.372303 -134.210072 0.216388 9.170853 -0.887257
684.846095 98.833689 -134.268732 1.182576 9.292469 -0.702506
684.908117 99.301550 -134.280323 1.143373 9.110792 1.310155
684.960433 99.744768 -134.137717 0.916121 7.617477 4.798535
684.999729 100.063298 -133.800469 0.801749 6.275920 6.249620
685.040608 100.372360 -133.512755 1.004586 7.694639 1.999803
685.100188 100.832762 -133.600489 1.168300 9.299281 -0.774430
685.157438 101.302289 -133.590198 1.132894 9.311624 0.987401
685.213477 101.763924 -133.501749 1.124482 8.965912 2.595231
685.269886 102.198880 -133.330675 0.972635 7.679204 4.959057
685.310741 102.531845 -133.005843 0.399507 3.978612 7.041440
685.309837 102.596741 -132.626531 1.186723 5.045838 3.164531
685.429413 103.036429 -132.689390 2.431582 8.904512 -0.931273
685.552995 103.487192 -132.719658 2.393376 8.959888 0.676477
685.668751 103.932417 -132.621743 2.232259 8.635445 2.845698
685.776221 104.350737 -132.435088 2.276443 8.467362 3.115507
685.896395 104.779154 -132.310192 2.375473 8.825862 0.745206
686.013768 105.233323 -132.360568 2.365127 9.002923 0.442698
686.132908 105.679446 -132.265922 2.346497 8.700459 2.673819
686.248418 106.103369 -132.093186 2.232470 8.413067 3.555102
686.356155 106.520753 -131.910412 2.339199 8.695256 1.626296
686.482338 106.972894 -131.930556 2.491912 9.065380 -0.573842
686.605346 107.427291 -131.967796 2.469085 9.111646 -0.490962
686.729246 107.884059 -131.979652 2.429666 9.153331 -0.216212
686.848313 108.342624 -131.989417 2.437813 9.142900 -0.314912
686.973027 108.798349 -132.011143 2.457732 9.135642 -0.303048
687.094086 109.256188 -132.019722 2.412203 9.166081 -0.186115
687.214248 109.714957 -132.029755 2.412038 9.174600 -0.207705
687.335290 110.173648 -132.040493 2.410767 9.175857 -0.213431
687.455324 110.632543 -132.051098 2.514690 9.146211 -0.195210
687.586758 111.088269 -132.060013 2.534973 9.124510 -0.283291
687.708822 111.544994 -132.079427 2.418214 9.157026 -0.343366
687.828580 112.003972 -132.094350 2.410231 9.160101 -0.584121
687.949845 112.461004 -132.137839 2.489869 9.130768 -0.791736
688.077567 112.917048 -132.173524 2.453315 9.152520 -0.632878
688.195176 113.376256 -132.201127 2.377732 9.172265 0.012447
688.315340 113.834275 -132.172279 2.434829 9.082894 1.097003
688.438659 114.284545 -132.091427 2.372903 8.699476 2.561078
688.552630 114.704223 -131.916171 2.209588 8.345176 3.115668
688.659618 115.119063 -131.779860 2.319869 8.668232 0.865742
688.784617 115.571046 -131.829597 2.486098 9.087947 -0.700729
688.908228 116.027858 -131.849933 2.592107 9.111924 -0.397601
689.043828 116.482238 -131.869357 2.679992 9.077462 -0.483986
689.176227 116.935604 -131.898332 -0.547023 8.417521 -0.883102
688.989126 117.323990 -131.957667 -5.588521 6.684673 -1.028260
688.617375 117.604071 -132.001158 -5.354942 7.136674 -0.813289
688.453631 118.037658 -132.038996 -1.105607 9.002155 -0.647310
688.506814 118.504287 -132.065889 1.651509 9.266789 -0.409548
688.618782 118.964336 -132.079951 2.525133 9.130013 -0.234136
688.759327 119.417288 -132.089302 2.715197 9.067876 -0.402836
688.890302 119.871124 -132.120235 1.918658 9.180883 -0.813220
688.951193 120.335376 -132.170624 -1.226299 8.758537 0.362202
688.767672 120.746978 -132.084014 -5.337330 6.227904 3.146671
688.417460 120.958166 -131.855957 -4.821019 4.305364 3.567828
688.285570 121.177514 -131.727232 -0.098472 6.737033 0.864758
688.407613 121.631870 -131.769481 2.458553 9.098591 -0.826787
688.531425 122.087373 -131.809910 2.451193 9.120725 -0.084697
688.652732 122.543942 -131.777951 2.339116 8.835671 1.946130
688.765337 122.970940 -131.615297 1.921126 7.170908 5.182302
688.844845 123.261033 -131.259721 1.158328 4.309981 7.970958
688.881170 123.401938 -130.818202 1.509462 5.739108 4.235090
688.995791 123.834944 -130.836212 2.316986 8.790703 0.214194
689.112868 124.281009 -130.796782 2.142450 8.053118 3.113957
689.210036 124.640256 -130.524816 1.044951 4.918761 7.127740
689.217363 124.772885 -130.084008 3.345632 0.184049 6.149667
689.544599 124.658661 -129.909849 7.858082 -1.419138 1.132990
690.003172 124.630971 -129.970709 7.905305 2.698326 -1.199166
690.335130 124.928493 -130.029766 4.668703 7.492291 -0.492511
690.470042 125.380200 -130.019960 2.576242 8.989725 1.017899
690.592754 125.827466 -129.927976 2.291030 8.292956 3.345986
690.699145 126.209496 -129.685362 1.771515 6.455590 6.056178
690.769906 126.473025 -129.322358 1.905321 7.092977 2.955180
690.889677 126.918793 -129.389844 2.423446 8.949455 -0.013661
691.012250 127.367970 -129.323724 2.208487 8.342921 3.028248
691.110526 127.753086 -129.087019 1.278372 5.020698 6.530778
691.140087 127.870040 -128.670647 1.968303 5.264748 3.663342
691.307356 128.279560 -128.720685 3.517564 8.443621 -0.694195
691.491844 128.714402 -128.740066 3.723895 8.696740 -0.293090
691.679745 129.149234 -128.749994 3.716427 8.716814 -0.197583
691.863486 129.586083 -128.759824 3.684192 8.719931 -0.233203
692.048165 130.021227 -128.773314 3.638160 8.740973 -0.194341
692.227302 130.460181 -128.779258 3.670212 8.727277 -0.259858
692.415186 130.893955 -128.799300 3.695484 8.715385 -0.406817
692.596851 131.331719 -128.819940 3.679051 8.731109 -0.402982
692.783091 131.767066 -128.839598 3.716051 8.715081 -0.474772
692.968456 132.203227 -128.867417 3.699879 8.732667 -0.506302
693.153079 132.640333 -128.890228 3.821783 8.685628 -0.443623
693.350634 133.071790 -128.911780 3.903716 8.637408 -0.477051
693.543451 133.504073 -128.937933 3.548994 8.752835 -0.528749
693.705534 133.947074 -128.964655 -0.612055 8.103631 -0.715877
693.482245 134.314437 -129.009521 -6.491056 5.697982 -0.782475
693.056428 134.516872 -129.042902 -7.768860 5.032587 -0.596864
692.705359 134.817695 -129.069207 -4.034488 7.609523 -0.685288
692.652979 135.277824 -129.111431 0.664325 9.175295 -0.613615
692.771792 135.735225 -129.130569 3.019147 8.935838 -0.596873
692.954894 136.171408 -129.171118 3.663257 8.739362 -0.509029
693.138117 136.609161 -129.181472 3.630431 8.718639 0.391178
693.317937 137.043272 -129.132001 3.529964 8.552594 1.716011
693.491114 137.464420 -129.009871 3.582932 8.463527 1.770180
693.676230 137.889625 -128.954982 3.758045 8.527679 0.089266
693.866918 138.317188 -129.000944 3.751122 8.618615 -0.690418
694.051342 138.751486 -129.024024 2.831148 8.931832 -0.691049
694.150033 139.210372 -129.070049 0.550994 9.101296 0.177277
694.106442 139.661616 -129.006297 -1.598847 7.441785 4.036105
693.990148 139.954550 -128.666438 0.226367 6.860601 5.360542
694.129079 140.347676 -128.470242 3.218191 8.295128 2.076076
694.311967 140.784063 -128.458831 3.660454 8.711327 -0.354034
694.495124 141.218808 -128.505646 3.696074 8.693756 -0.643391
694.681575 141.653438 -128.523170 3.687152 8.720526 -0.347165
694.863839 142.090861 -128.540362 3.661965 8.721333 -0.465607
695.047771 142.525572 -128.569731 3.630693 8.720049 -0.075898
695.226908 142.962866 -128.547952 3.587758 8.716623 0.685805
695.406547 143.397234 -128.501150 3.636097 8.589337 1.386652
695.590518 143.821800 -128.409287 3.486448 8.228050 2.759306
695.755192 144.220039 -128.225220 3.430590 8.170289 2.667281
695.933577 144.638829 -128.142559 3.529580 8.559684 0.454843
696.108150 145.076007 -128.179735 3.578588 8.697152 -0.108409
696.291436 145.508544 -128.153400 3.577035 8.399040 1.826204
696.465853 145.915911 -127.997115 3.206464 7.543872 4.339463
696.612082 146.262931 -127.719454 3.270551 7.701990 2.457890
696.792909 146.686110 -127.751326 3.647265 8.539047 -0.701383
696.976809 147.116836 -127.789592 3.560376 8.506417 0.803239
697.148946 147.536752 -127.671002 3.149508 7.662774 3.913486
697.291760 147.883113 -127.398243 3.098890 7.503525 3.510198
697.458835 148.287105 -127.319982 3.473116 8.370463 0.149171
697.639071 148.720159 -127.383326 3.699435 8.657948 -1.108945
697.828779 149.152899 -127.430877 3.707216 8.725729 -0.466492
698.009793 149.592732 -127.429975 3.673721 8.753881 0.138919
698.196151 150.028288 -127.416985 3.703609 8.690589 0.598692
698.380154 150.461791 -127.370106 3.757368 8.537027 1.182204
698.571888 150.881990 -127.298764 3.740017 8.532589 0.282036
698.754156 151.315050 -127.341902 1.778390 8.931956 -0.912913
698.749727 151.775186 -127.390056 -2.459991 8.559226 -0.958684
698.508156 152.170973 -127.437771 -4.301253 8.173645 -0.798512
698.319601 152.592550 -127.469907 -0.971159 8.817703 -0.623918
698.411041 153.052743 -127.500163 2.698951 8.973418 -0.599103
698.589496 153.489892 -127.529817 3.655417 8.702587 0.016884
698.776582 153.923002 -127.498474 3.626184 8.621082 1.249260
698.952115 154.352000 -127.404891 3.732649 8.464813 1.785207
699.149847 154.769483 -127.319954 3.081279 8.654854 0.557836
699.260243 155.217486 -127.349108 -1.254905 8.374070 -0.907723
699.024357 155.606890 -127.410726 -5.613110 7.250752 -1.008114
698.698932 155.942561 -127.449919 -3.173239 7.944462 -0.693298
698.707033 156.401336 -127.480056 1.704568 9.021898 -0.467102
698.869388 156.844751 -127.496629 3.474573 8.805248 -0.196518
699.054490 157.281861 -127.499707 3.681413 8.751702 -0.122538
699.237530 157.719921 -127.508883 3.652490 8.758135 -0.257564
699.419739 158.157674 -127.525464 3.656821 8.749391 -0.401912
699.603212 158.594860 -127.549074 3.695943 8.727293 -0.420544
699.789333 159.030404 -127.567518 3.630957 8.747334 -0.028273
699.966308 159.469593 -127.551901 3.688693 8.559805 1.255170
700.158203 159.886384 -127.442001 3.249508 7.490010 3.800136
700.291258 160.218594 -127.171888 -2.397682 5.552519 3.113035
699.918434 160.441636 -127.130698 -6.194608 6.111959 -0.362243
699.671797 160.829790 -127.208112 -2.201558 8.517817 -1.189380
699.698279 161.293418 -127.249636 1.887823 9.062559 -0.637203
699.860580 161.736046 -127.271832 3.445733 8.748516 0.325437
700.042852 162.168269 -127.217092 3.555191 8.394258 2.216955
700.216099 162.575472 -127.050137 3.161787 7.621548 4.330824
700.359031 162.930424 -126.784010 3.205276 7.823244 2.155953
700.536626 163.357796 -126.834542 3.610777 8.623548 -0.855232
700.720108 163.792779 -126.869533 3.661893 8.719946 -0.050456
700.902816 164.229791 -126.839587 3.562232 8.682620 1.164273
701.076332 164.661041 -126.753106 3.428214 8.336682 2.639226
701.245637 165.063459 -126.575665 2.637862 6.089420 5.680547
701.340118 165.269983 -126.185051 1.678426 3.971966 6.855119
701.413480 165.460656 -125.890153 2.523540 6.270956 2.599113
701.592472 165.897078 -125.925140 3.627330 8.705360 -0.779415
701.776213 166.331192 -125.968094 3.601163 8.722390 -0.754770
701.952588 166.769317 -126.000617 3.619638 8.731423 -0.129524
702.138177 167.204334 -125.981047 3.550026 8.428897 1.816096
702.307591 167.612207 -125.819007 2.823021 6.704843 5.287882
702.420479 167.874819 -125.452259 2.437979 5.804675 5.989857
702.551389 168.192675 -125.220021 3.072006 7.505924 1.727305
702.727679 168.625411 -125.279528 3.613308 8.675000 -0.813196
702.912719 169.060175 -125.301341 3.647222 8.729921 -0.313923
703.092402 169.498403 -125.310920 3.697009 8.717204 -0.197192
703.282420 169.931895 -125.321060 3.708499 8.714165 -0.198407
703.463251 170.369820 -125.330761 3.617866 8.757530 -0.172367
703.644207 170.807648 -125.338297 3.815005 8.684212 -0.139078
703.844752 171.238241 -125.344669 3.893581 8.644275 -0.204773
704.033565 171.672076 -125.358774 2.648201 8.949775 -0.458013
704.109572 172.133218 -125.390470 -1.194880 8.819606 -1.013061
703.914077 172.554036 -125.460080 -4.727546 7.893287 -0.217099
703.636818 172.922547 -125.412180 -3.095458 7.029658 3.381565
703.604531 173.257002 -125.121924 1.316819 7.411951 3.820266
703.768499 173.663742 -125.030153 3.443211 8.396822 0.423122
703.948852 174.096684 -125.079611 3.725035 8.667892 -0.530677
704.141003 174.530531 -125.083221 3.972737 8.606526 -0.202968
704.346126 174.957337 -125.099908 3.665469 8.710268 -0.355881
704.507550 175.401558 -125.118809 1.305870 9.051753 -0.604449
704.476713 175.862512 -125.160353 -3.197157 8.208374 -1.108630
704.187834 176.222395 -125.229672 -5.376042 6.919361 0.839000
703.939109 176.554448 -125.076453 -1.385544 6.413628 4.643925
704.049280 176.863758 -124.765280 2.931935 7.414180 3.241274
704.232302 177.295866 -124.752326 3.671154 8.665713 -0.335715
704.416395 177.730329 -124.798851 3.791729 8.659826 -0.851461
704.611475 178.161849 -124.837472 3.812839 8.638745 -1.004302
704.797679 178.594204 -124.899281 3.224179 8.850116 -0.822670
704.933893 179.046860 -124.919739 1.110645 8.773967 1.212120
704.908744 179.471601 -124.778069 -2.454030 5.546863 5.330880
704.688490 179.601547 -124.386651 -1.625064 4.309300 5.624354
704.746237 179.902531 -124.215634 2.430699 7.326116 1.166591
704.931560 180.334158 -124.269992 3.658115 8.685446 -0.253954
705.112049 180.771075 -124.241029 3.602985 8.602450 1.412387
705.291858 181.194403 -124.128753 3.405935 8.137194 3.237682
705.452642 181.584795 -123.917261 2.979494 7.219041 5.165455
705.589808 181.916307 -123.612208 3.139786 7.497508 3.264285
705.766621 182.334545 -123.590833 3.549731 8.519120 -0.208431
705.944781 182.768219 -123.633051 3.600821 8.453592 0.954473
706.126703 183.179905 -123.495385 3.367769 7.741665 3.957624
706.281558 183.542386 -123.237288 3.231892 7.720494 3.094293
706.449892 183.951954 -123.185956 3.519420 8.438243 -0.016104
706.633500 184.386210 -123.238899 3.673268 8.718017 -0.448149
706.817219 184.823756 -123.230771 3.659663 8.743268 0.543045
706.999466 185.260537 -123.184594 3.671176 8.642300 1.370291
707.184336 185.687986 -123.093742 3.528274 8.364573 2.583349
707.352294 186.096994 -122.926259 2.769897 6.535126 5.296490
707.461326 186.341498 -122.564093 1.624484 3.953753 7.080007
707.514742 186.492370 -122.218259 2.319296 5.735178 4.274958
707.693256 186.915016 -122.136597 3.049532 7.265293 4.057729
707.819695 187.218899 -121.812486 2.357297 5.614666 6.557251
707.928985 187.476482 -121.480872 2.866728 6.925963 3.024690
708.106368 187.911495 -121.510017 3.656229 8.675410 -0.582749
708.294608 188.344023 -121.539147 3.882243 8.616701 -0.418472
708.494592 188.773165 -121.551864 3.936353 8.610180 -0.301370
708.688244 189.205041 -121.569284 3.430274 8.795517 -0.471966
708.837620 189.652717 -121.599061 1.086585 9.079487 -0.619542
708.796902 190.112990 -121.631238 -3.270429 8.267851 -0.708210
708.510577 190.479502 -121.669882 -6.467445 6.668047 -0.687809
708.150158 190.779795 -121.700019 -4.554964 7.403162 -0.739050
708.055080 191.219818 -121.743787 0.610847 8.830162 -0.911684
708.211242 191.662811 -121.791187 3.402218 8.696927 0.372774
708.395302 192.089511 -121.706509 3.384764 7.957312 3.295815
708.549719 192.458542 -121.461606 3.188728 7.607992 3.954819
708.714175 192.850310 -121.311027 3.435446 8.245213 0.949223
708.893263 193.283063 -121.366684 3.585003 8.690460 -0.878059
709.072675 193.719356 -121.398833 3.645619 8.722857 -0.433501
709.257825 194.155349 -121.410034 3.643622 8.689827 0.439818
709.437037 194.588339 -121.354851 3.537802 8.380949 2.219567
709.611605 194.993444 -121.188077 3.340154 7.845400 3.951898
709.771053 195.372879 -120.959662 3.392141 8.127111 2.123977
709.950820 195.806155 -120.975679 3.597366 8.666319 -0.763301
710.130789 196.239511 -121.035992 3.619043 8.688727 -0.431920
710.312724 196.675028 -121.018871 3.663107 8.583292 1.132306
710.497100 197.097840 -120.922761 3.291318 7.678735 3.732486
710.641856 197.442901 -120.645623 2.531958 6.126794 5.927313
710.750296 197.710520 -120.330030 2.931811 6.983651 2.727041
710.935037 198.141266 -120.372919 3.663894 8.670333 -0.708219
711.116685 198.577553 -120.400852 3.616835 8.727856 -0.502314
711.296720 199.014052 -120.423150 3.629576 8.714192 -0.591820
711.479643 199.448972 -120.460034 3.658067 8.705578 -0.064039
711.662527 199.884610 -120.429554 3.521226 8.350759 2.034888
711.831765 200.284048 -120.256545 2.967840 6.930933 5.145794
711.959311 200.577703 -119.914974 2.714487 6.376380 5.450365
712.103214 200.921686 -119.711508 3.247018 7.710219 1.349467
712.284013 201.348725 -119.780028 3.647551 8.629799 -0.885248
712.467969 201.784666 -119.800033 3.662293 8.679284 0.352145
712.650242 202.216653 -119.744813 3.544086 8.342830 2.355575
712.822378 202.618949 -119.564476 2.687039 6.367194 5.675748
712.918946 202.853373 -119.177238 1.853994 4.550097 7.264678
713.007777 203.073959 -118.838008 2.679288 6.537143 3.074150
713.186875 203.507087 -118.869823 3.634057 8.656256 -0.680243
713.371183 203.939584 -118.906032 3.676130 8.664988 -0.778359
713.554488 204.373586 -118.947659 3.663052 8.695685 -0.436407
713.737488 204.809153 -118.949673 3.572159 8.616770 0.894218
713.911704 205.235263 -118.858237 3.028932 7.213925 4.122326
714.040381 205.530545 -118.537440 1.701196 3.910326 7.758471
714.081823 205.626296 -118.082390 2.002723 4.808374 5.872605
714.240654 206.011382 -117.950180 3.366755 8.200278 0.721766
714.418499 206.446323 -118.010214 3.600435 8.710498 -0.797392
714.600697 206.882432 -118.029919 3.682752 8.644608 -0.801504
714.786774 207.310784 -118.090364 3.505103 8.188948 0.927536
714.951207 207.701327 -117.937165 2.232330 5.279559 5.840932
715.010007 207.838740 -117.506271 0.801792 1.929239 8.366988
715.031387 207.894251 -117.100467 1.929341 4.883560 3.757922
715.202941 208.327096 -117.130479 3.749214 8.583143 -0.580448
715.406308 208.752565 -117.158511 3.285323 8.590570 -0.487823
715.531473 209.186153 -117.179261 -2.754333 6.489604 -0.809087
715.130875 209.401526 -117.239420 -8.357340 3.972389 -0.705524
714.695739 209.583392 -117.249813 -8.117845 3.188947 2.010930
714.319090 209.720420 -117.038327 -3.545683 3.807291 5.000719
714.341171 209.964121 -116.749742 2.059781 6.726325 2.257610
714.525068 210.393053 -116.812566 3.646519 8.653870 -0.893618
714.705823 210.829508 -116.839103 3.632106 8.628384 0.211472
714.888279 211.255891 -116.791419 3.277092 7.708152 3.298543
715.033532 211.600323 -116.509249 2.856464 6.809014 5.750523
715.173925 211.936793 -116.216367 3.185272 7.653417 3.394204
715.352059 212.365665 -116.169829 3.583445 8.588745 -0.332346
715.532270 212.795667 -116.249601 3.643266 8.643799 -0.930536
715.716386 213.230045 -116.262882 3.580961 8.356742 1.196381
715.890366 213.631341 -116.129963 2.238749 5.516409 4.733648
715.940261 213.781686 -115.789517 2.285756 5.782518 2.800214
716.118941 214.209593 -115.849942 3.684299 8.611062 -0.772533
716.308691 214.642792 -115.866771 3.648658 8.513251 1.074956
716.483807 215.060918 -115.742446 3.242993 7.696239 3.907792
716.632990 215.412416 -115.475992 3.203723 7.567106 3.104121
716.804180 215.817629 -115.432034 3.563287 8.357936 -0.139329
716.989319 216.248209 -115.489924 3.721461 8.549745 0.278491
717.176326 216.672603 -115.404185 3.679180 7.943433 3.113219
717.357237 217.042553 -115.178603 -1.036162 6.264430 3.642021
717.072710 217.299046 -115.039983 -7.128314 4.293681 1.616743
716.644405 217.471921 -115.016928 -6.388299 3.157733 3.548720
716.433880 217.614820 -114.685111 -0.339428 5.533221 3.719046
716.610463 218.025243 -114.645024 3.592325 8.439515 -0.049015
716.793112 218.458771 -114.690012 3.663740 8.679178 -0.063729
716.976837 218.893161 -114.651397 3.423187 8.185344 2.461597
717.135431 219.277305 -114.443853 2.329202 5.608177 6.255788
717.209757 219.453978 -114.025818 2.482254 5.902694 4.418545
717.383656 219.867575 -114.001998 3.562806 8.469019 -0.239467
717.566037 220.300880 -114.049764 3.600667 8.664334 0.165960
717.743723 220.734008 -113.985402 3.426201 8.258292 2.568936
717.908657 221.126710 -113.792871 2.362014 5.459385 6.207132
717.979924 221.279947 -113.364689 1.680190 4.132115 7.027250
718.076676 221.539921 -113.090146 2.840319 6.893096 2.222766
718.263956 221.969256 -113.142412 3.659025 8.647865 -0.900050
718.442579 222.404708 -113.180151 3.654080 8.686361 -0.683260
718.629364 222.837892 -113.210738 3.693571 8.688373 0.002912
718.811936 223.273545 -113.179860 3.606685 8.421924 1.808217
718.990033 223.680085 -113.029917 2.782678 6.567702 5.208217
719.090204 223.930315 -112.659038 1.774239 4.343517 7.683423
719.167457 224.114436 -112.261574 2.543593 6.143043 3.876325
719.344563 224.544619 -112.271405 3.606487 8.612451 -0.778317
719.528105 224.975682 -112.339406 3.742599 8.630036 -0.686767
719.718823 225.407623 -112.340082 3.634735 8.570400 1.106543
719.891579 225.832722 -112.228752 3.112432 7.426019 4.205324
720.030066 226.150225 -111.919550 1.485274 3.472929 7.674816
720.040106 226.180014 -111.461270 1.760032 4.310465 5.314418
720.206070 226.581271 -111.388108 3.467919 8.329406 0.115524
720.386898 227.012955 -111.449718 3.631774 8.674081 -0.718118
720.569247 227.448680 -111.459920 3.659465 8.632396 0.621503
720.752845 227.876195 -111.387567 3.460106 8.204445 2.777453
720.915258 228.269124 -111.182174 2.565303 6.223793 5.999826
721.009375 228.498574 -110.787585 1.047424 2.508760 8.658824
721.020000 228.520000 -110.316292 0.106250 0.214260 9.469803
721.020000 228.520000 -109.840605 -0.000000 -0.000000 9.513748
721.020000 228.520000 -109.364917 -0.430954 3.042387 4.992852
720.976905 228.824239 -109.341319 -1.099551 7.695366 -0.062216
720.910045 229.289537 -109.371139 -1.311091 9.335983 -0.544842
720.845796 229.757837 -109.395804 -1.277273 9.364154 -0.568831
720.782318 230.225952 -109.428022 -1.267688 9.369445 -0.134271
720.719027 230.694781 -109.409231 -1.217804 9.197891 1.425387
720.660537 231.145741 -109.285483 -1.204422 8.652043 3.334837
720.598584 231.559986 -109.075747 -1.153235 8.637196 3.003154
720.545214 232.009461 -108.985168 -1.154514 9.131862 0.185433
720.483133 232.473172 -109.057204 -1.335119 9.310873 -0.782003
720.411702 232.940548 -109.063368 -1.246707 9.323165 0.717163
720.358462 233.405488 -108.985487 -1.128424 8.705686 3.039340
720.298859 233.811117 -108.759434 -0.985567 7.129159 5.745043
720.259906 234.118404 -108.410983 -0.997737 7.622288 3.691535
720.199086 234.573345 -108.390281 -1.228051 9.206335 -0.323168
720.137100 235.039038 -108.443300 -1.222035 9.297028 -0.065158
720.076882 235.503048 -108.396796 -1.173458 8.579534 2.903657
720.019755 235.896991 -108.152934 -0.768915 5.625130 6.648128
719.999991 236.065561 -107.731984 -0.793399 6.280177 4.278583
719.940415 236.525009 -107.725076 -1.101362 8.649877 2.224392
719.889855 236.930549 -107.509544 -0.755780 5.701907 6.304420
719.864837 237.095200 -107.094634 -0.814302 6.178306 4.173307
719.808424 237.548380 -107.092214 -1.177859 9.145371 -0.149440
719.747051 238.009737 -107.109578 -1.075958 8.370136 2.098071
719.700829 238.385393 -106.882407 -0.670458 5.234531 6.644874
719.680005 238.533190 -106.445091 -0.812764 5.752598 4.400444
719.619552 238.960653 -106.442362 -1.099964 8.232343 1.723125
719.570008 239.356424 -106.272778 -0.595586 4.988704 6.216065
719.559994 239.459523 -105.820756 -0.708548 5.244469 5.127603
719.499154 239.880871 -105.760018 -1.198888 8.880444 0.506437
719.440105 240.347568 -105.770112 -1.190997 8.895820 1.703619
719.380054 240.770453 -105.589656 -0.801047 6.024365 5.954862
719.360000 240.950004 -105.174626 2.125257 1.513749 4.917538
719.592580 240.921828 -105.097902 6.976129 -0.810466 0.449567
720.057613 240.868958 -105.129669 9.309249 -1.108419 -0.712135
720.523505 240.810986 -105.169116 9.298775 -1.182944 -0.505202
720.987490 240.750663 -105.180189 7.660344 -1.005595 2.961134
721.289539 240.710426 -104.873002 3.543335 3.188371 4.491342
721.341824 241.069500 -104.731055 1.101382 8.263292 1.224753
721.399677 241.536756 -104.750527 1.081281 8.812173 1.716586
721.449952 241.950718 -104.559397 0.606265 5.602447 6.270157
721.460304 242.097000 -104.123511 0.686736 5.859357 4.597169
721.518626 242.536653 -104.099680 1.085548 9.066891 -0.263842
721.568859 243.003689 -104.149895 1.012067 9.295976 0.287685
721.619832 243.466251 -104.070911 1.007346 8.749058 2.988392
721.669593 243.878595 -103.851056 0.941942 7.996110 4.164760
721.714027 244.265862 -103.654435 1.004352 8.516176 1.310421
721.770028 244.730213 -103.720014 1.060824 9.361845 -0.554504
721.820109 245.202046 -103.709886 1.084743 9.376221 0.764363
721.878503 245.667835 -103.643578 1.125087 9.200481 1.906517
721.932618 246.122094 -103.519234 1.099493 8.574996 3.579698
721.988452 246.525335 -103.285608 0.673823 5.478948 6.675737
722.000000 246.669989 -102.851660 0.115480 1.246969 9.063932
722.000000 246.650031 -102.379215 0.222765 2.107082 7.422756
722.022277 246.880697 -102.109385 0.743209 6.966311 2.295179
722.074321 247.346663 -102.149697 1.076454 9.354150 -0.593332
722.129922 247.816112 -102.168718 1.121641 9.379213 -0.597384
722.186485 248.284584 -102.209435 1.096557 9.376917 -0.520287
722.239578 248.753804 -102.220747 1.135157 9.254219 0.794366
722.300001 249.210006 -102.129999 1.005974 7.847358 4.068270
722.340175 249.538540 -101.813920 0.399993 3.999929 7.785174
722.340000 249.609999 -101.351481 -0.001750 0.714597 9.381257
722.340000 249.610000 -100.875794 0.000000 -0.200127 9.481312
722.340000 249.589986 -100.403350 0.396756 2.975613 6.662161
722.379676 249.907561 -100.209578 0.956650 7.822081 1.492102
722.435665 250.372194 -100.254140 1.081684 9.334426 -0.700105
722.487844 250.841004 -100.279588 1.141300 9.355446 -0.658467
722.549795 251.307739 -100.319986 1.120177 9.365968 -0.212254
722.599862 251.777600 -100.300814 1.087670 9.045016 1.839478
722.658562 252.212240 -100.136039 0.901633 7.321452 5.201805
722.690025 252.509746 -99.780633 0.414381 3.667222 8.188544
722.700000 252.578962 -99.317184 0.497803 4.518755 5.951443
722.739805 252.961621 -99.185489 0.997075 8.472354 0.874446
722.799708 253.426198 -99.229740 1.087730 9.327751 -0.743715
722.848578 253.894396 -99.259860 1.096356 9.353668 -0.705539
722.909343 254.361565 -99.300294 1.164071 9.344693 -0.122251
722.964985 254.828865 -99.272086 1.002537 8.945976 2.129477
723.009597 255.256162 -99.087346 0.750396 6.497371 5.840812
723.040025 255.478603 -98.688004 0.405738 3.613481 7.764862
723.050171 255.617510 -98.310860 0.642250 6.037786 3.427875
723.104250 256.082381 -98.345217 1.103836 9.113626 0.863560
723.160554 256.528873 -98.224504 0.857797 7.355578 4.808226
723.190030 256.817939 -97.864394 0.421829 4.240813 7.981942
723.202737 256.952954 -97.426309 0.700916 5.871423 4.111520
723.260121 257.405081 -97.453242 1.140736 9.199457 -0.448577
723.316811 257.872900 -97.471167 1.042443 9.245402 0.924860
723.364366 258.329621 -97.360756 0.925158 8.127452 4.096846
723.409327 258.685645 -97.061483 0.656340 4.975994 7.432967
723.430000 258.827221 -96.617460 0.619707 5.323167 5.201339
723.471297 259.217962 -96.541349 0.933664 8.550861 0.376730
723.523366 259.682307 -96.579787 1.081028 9.267165 0.397467
723.579400 260.144678 -96.501602 1.063597 8.602086 3.122546
723.629726 260.542516 -96.267532 0.705999 5.952636 6.465455
723.650000 260.739942 -95.855056 0.507159 4.620170 6.241191
723.680442 261.004533 -95.643413 0.830311 7.269934 1.984548
723.733031 261.466935 -95.656602 1.020326 8.846327 1.793191
723.782474 261.889165 -95.464094 0.764244 6.652291 5.881920
723.809456 262.132164 -95.068410 0.375259 3.008347 8.602739
723.820000 262.190000 -94.603820 0.105444 0.491762 9.392662
723.820000 262.181341 -94.129143 0.099940 1.101147 8.737805
723.829994 262.300115 -93.730039 0.610270 5.788611 3.397197
723.881027 262.760202 -93.789424 1.131384 9.235938 -0.169759
723.943132 263.223708 -93.747015 1.086271 8.926991 2.260468
723.989654 263.652901 -93.563377 0.761987 7.321990 5.351951
724.019331 263.955907 -93.211820 0.562044 5.236067 6.937545
724.045859 264.176508 -92.869622 0.819835 6.854000 3.397583
724.101315 264.641307 -92.872062 1.140616 9.224205 0.711026
724.159920 265.098928 -92.798520 1.089619 8.399594 3.332768
724.210276 265.481267 -92.538785 0.812086 6.872036 5.583923
724.241129 265.786132 -92.240127 0.798632 7.690609 2.489422
724.290140 266.250328 -92.289843 1.096632 9.125233 0.640697
724.350792 266.698655 -92.176058 0.899410 7.691072 4.486260
724.380081 267.019435 -91.841217 0.700393 6.419576 5.763234
724.420831 267.340613 -91.599734 0.910989 7.868969 2.823951
724.471180 267.806332 -91.558822 1.045108 8.942358 2.294418
724.525342 268.234848 -91.370293 1.082918 8.481129 3.804079
724.579471 268.654445 -91.178414 1.118661 8.811904 1.422520
724.637208 269.116039 -91.228041 1.104171 9.306449 -0.266856
724.689889 269.585090 -91.205100 1.025999 9.216522 1.470393
724.739808 270.037691 -91.081001 0.885755 7.752362 4.466795
724.778464 270.360326 -90.758420 0.599879 4.759981 7.429879
724.799796 270.513689 -90.338013 0.721796 6.111553 4.344516
724.850644 270.971481 -90.323969 1.064854 9.215790 -0.530091
724.906281 271.435268 -90.391023 1.094994 9.310061 -0.756313
724.960143 271.902487 -90.399600 1.035561 8.783190 1.860165
725.009837 272.313587 -90.205006 0.598569 4.975490 6.449945
725.020000 272.400036 -89.754605 0.284763 2.706903 7.936883
725.038314 272.584277 -89.411318 0.695511 6.471331 3.179533
725.089551 273.047169 -89.436652 1.136257 9.304930 -0.512862
725.151939 273.514770 -89.462604 1.304603 9.327634 -0.533344
725.220011 273.979933 -89.489986 -2.442266 7.756820 -0.775428
724.907713 274.290452 -89.540147 -6.918157 5.712702 -1.200466
724.528196 274.551203 -89.610033 -5.482453 6.739630 0.328796
724.359468 274.964415 -89.507267 -1.481378 7.200180 4.447494
724.380058 275.271221 -89.165284 0.300620 4.223519 7.849510
724.389530 275.386767 -88.722316 0.663990 5.514836 5.622492
724.446457 275.822704 -88.603035 1.012381 7.806882 4.139888
724.490768 276.167456 -88.308327 0.535429 4.675863 7.440583
724.500000 276.290291 -87.858976 0.531667 5.151220 5.241027
724.543934 276.682578 -87.784225 0.996840 8.553136 0.176259
724.599684 277.145604 -87.841350 1.055391 8.952678 0.817012
724.649473 277.577845 -87.702524 0.803213 6.226305 5.500846
724.680005 277.768235 -87.291266 0.650897 5.412637 5.580088
724.714563 278.119109 -87.144515 0.895738 8.154101 1.597584
724.769579 278.583645 -87.131507 1.056911 8.978723 1.829535
724.820254 279.016981 -86.961561 0.704210 6.367927 5.805558
724.840000 279.220437 -86.550952 0.388735 3.918842 7.426434
724.859128 279.408865 -86.218918 0.507811 6.533481 2.803430
724.890781 279.873786 -86.270609 2.658949 8.100731 -1.304412
725.125023 280.218939 -86.349359 6.859526 3.096662 0.326806
725.576734 280.183452 -86.237928 7.744419 -0.886973 4.383054
725.899465 280.130241 -85.911054 3.843421 1.607839 6.067900
725.961076 280.344236 -85.631138 1.207004 6.774669 2.616694
726.020165 280.807708 -85.649384 1.086599 9.141373 0.901024
726.069736 281.258373 -85.541035 0.898977 7.443126 4.568019
726.110063 281.552021 -85.192582 0.402643 3.012542 8.174089
726.110000 281.559627 -84.723627 0.212525 2.527945 7.213329
726.131315 281.804815 -84.471249 0.707834 7.099499 2.025125
726.180783 282.269577 -84.521114 1.113296 9.328440 -0.890935
726.242645 282.737659 -84.560343 1.151485 9.388612 -0.587258
726.295932 283.208438 -84.579840 1.122791 9.398813 0.132606
726.354924 283.677541 -84.547082 1.064825 9.064478 1.976791
726.402414 284.114886 -84.382161 0.851193 7.541382 5.023124
726.440043 284.431679 -84.044770 0.375855 3.651139 8.052302
726.440000 284.480000 -83.576931 -0.000430 0.483214 9.435269
726.440000 284.480000 -83.101243 0.000041 -0.087744 9.380155
726.440004 284.471226 -82.638915 0.503601 4.284124 5.200365
726.490360 284.908413 -82.581207 1.028670 9.043473 0.197523
726.542871 285.375573 -82.619163 1.098847 9.364321 -0.597375
726.600245 285.844845 -82.640944 1.167329 9.394025 -0.309676
726.659604 286.314975 -82.650130 1.084482 9.399079 -0.282492
726.708693 286.784753 -82.669193 1.130894 9.388172 -0.292570
726.772693 287.253793 -82.679387 1.421113 9.346934 -0.355913
726.850804 287.719446 -82.704785 -0.513165 9.049169 -0.631775
726.721377 288.158710 -82.742565 -5.377900 6.495374 -0.753701
726.313014 288.368983 -82.780155 -8.014276 2.934679 -0.588489
725.919949 288.452177 -82.801414 -4.578029 5.383106 -0.747199
725.855211 288.907294 -82.854875 -1.257724 9.223268 -0.883385
725.794177 289.374504 -82.889752 -1.254911 9.340713 -0.047539
725.729720 289.841365 -82.859628 -1.247591 8.798106 2.353559
725.669418 290.254315 -82.654396 -0.797191 5.952377 6.260540
725.650001 290.436603 -82.233574 -0.194178 1.856839 8.960904
725.650000 290.439999 -81.758306 -0.000011 -0.265677 9.460830
725.650000 290.410035 -81.287491 -0.502706 3.727294 5.990590
725.599729 290.812728 -81.159247 -1.103781 8.304312 3.043752
725.539622 291.240467 -80.983116 -1.107131 7.915895 4.488570
725.489016 291.604318 -80.710390 -1.109088 8.162140 2.210852
725.428713 292.056681 -80.762031 -1.249194 9.081858 0.112454
725.364097 292.512503 -80.699144 -1.088014 7.926013 3.703036
725.319912 292.849282 -80.391727 -0.741254 5.772708 6.591513
725.289972 293.089774 -80.039993 -0.938139 6.956223 2.860963
725.226098 293.544904 -80.105631 -1.320241 9.211759 -0.386302
725.157947 294.010950 -80.078623 -1.268608 8.993141 1.989919
725.099237 294.444218 -79.906639 -0.979153 7.131038 5.380965
725.060032 294.724054 -79.540527 -0.630776 4.602332 7.805293
725.036160 294.904451 -79.126110 -0.840946 6.355212 3.956987
724.975938 295.359575 -79.144828 -1.257848 9.190595 -0.160946
724.910375 295.823511 -79.142205 -1.258397 8.736461 2.175494
724.850098 296.233221 -78.927279 -1.195251 8.129590 4.120270
724.790850 296.636470 -78.730178 -1.204989 8.368850 3.538777
724.729599 297.070106 -78.573401 -1.113537 8.185603 3.999735
724.679496 297.455030 -78.330204 -1.161726 8.450263 2.628494
724.613426 297.915132 -78.310552 -1.191481 8.362785 2.716477
724.560348 298.291309 -78.058556 1.367576 4.749103 4.304644
724.750184 298.390043 -77.880087 6.499138 1.687136 1.384938
725.210262 298.460022 -77.920063 7.598756 2.073507 -0.902109
725.510060 298.597394 -77.970298 2.997383 5.969064 0.143245
725.510000 299.056929 -77.905738 -0.000595 7.979432 3.792356
725.510000 299.395337 -77.591063 0.000000 5.602720 6.457701
725.510000 299.617201 -77.259968 0.000000 6.885738 3.728840
725.510000 300.083910 -77.218179 0.000000 7.890459 3.694332
725.510000 300.406247 -76.890535 0.000000 3.958104 7.894648
725.510000 300.479721 -76.428714 -0.000000 2.336391 7.794860
725.510000 300.639886 -76.111049 -0.000000 6.343886 3.092555
725.510000 301.114109 -76.119458 0.000000 8.225985 2.869678
725.510000 301.462484 -75.824081 0.000000 3.884099 7.602817
725.510000 301.502519 -75.359177 -0.311922 3.308848 6.554734
725.478808 301.793369 -75.168608 0.641045 7.380781 1.203972
725.574104 302.240597 -75.238779 4.881728 6.681795 -1.311674
725.966981 302.461549 -75.299775 8.610033 2.494028 -0.202920
726.435108 302.490000 -75.259071 8.404706 0.096494 3.145175
726.807451 302.471198 -74.985258 4.592294 0.959898 6.712685
726.894337 302.585990 -74.587803 0.825488 5.856512 3.752471
726.890000 303.056849 -74.610010 -0.043371 9.342142 0.536406
726.890000 303.520204 -74.534162 0.000000 8.152578 3.755553
726.890000 303.872107 -74.234455 -0.000000 4.947550 7.458738
726.890000 304.014959 -73.788289 0.000000 5.678843 5.349148
726.890000 304.439991 -73.699540 0.000000 8.963264 0.493518
726.890000 304.911286 -73.738937 0.000000 9.441298 -0.719185
726.890000 305.384121 -73.771459 0.000000 9.458832 -0.722645
726.890000 305.857169 -73.811201 0.000000 9.488224 -0.387637
726.890000 306.332943 -73.810222 0.000000 9.488397 0.464946
726.890000 306.806009 -73.764707 -0.000000 9.361649 1.456663
726.890000 307.269108 -73.664556 0.000000 8.924888 2.958168
726.890000 307.698497 -73.468890 -0.000000 6.616710 5.924443
726.890000 307.930779 -73.072112 -0.000000 3.409842 8.187044
726.890000 308.039482 -72.650185 0.000000 5.712949 3.613423
726.890000 308.502074 -72.710770 0.000000 9.344549 -0.997085
726.890000 308.973937 -72.749894 0.000000 9.379041 0.307630
726.890000 309.439978 -72.680007 0.000000 8.229809 3.702077
726.890000 309.796917 -72.379686 -0.000000 6.435579 6.511019
726.890000 310.083536 -72.028905 0.000000 7.427860 4.518880
726.890000 310.539703 -71.927798 0.000000 7.917274 4.254784
726.890000 310.875264 -71.603426 -0.000000 6.543692 6.093682
726.890000 311.194073 -71.318430 -0.000000 7.853865 2.275899
726.890000 311.660650 -71.375836 -0.000000 9.155522 0.824443
726.890000 312.109625 -71.235986 0.000000 7.544393 4.910668
726.890000 312.415089 -70.884770 0.000000 6.624374 5.151910
726.890000 312.772062 -70.720795 0.000000 8.267676 2.022743
726.890000 313.241857 -70.682495 0.000000 8.824880 2.554714
726.890000 313.654550 -70.465323 -0.000000 6.760976 6.017325
726.890000 313.917955 -70.080763 0.000000 7.153552 3.389122
726.890000 314.369905 -70.126411 0.000000 9.229590 -0.590962
726.890000 314.840914 -70.139859 0.000000 8.982805 1.613864
726.890000 315.268186 -69.965025 -0.000000 6.011623 6.076398
726.890000 315.442076 -69.532219 0.000000 5.599127 5.251515
726.890000 315.828099 -69.439873 0.000000 8.529735 1.301531
726.890000 316.295050 -69.402066 0.000000 8.402400 3.184092
726.890000 316.668339 -69.121464 0.000000 6.454086 6.624256
726.890000 316.940458 -68.739641 -0.000000 7.326820 3.658845
726.890000 317.401021 -68.755579 -0.000000 9.299172 -0.686605
726.890000 317.870375 -68.808301 0.000000 9.345134 0.120175
726.890000 318.335534 -68.743562 0.000000 8.415354 3.317074
726.890000 318.711911 -68.476594 -0.000000 4.620194 7.201493
726.890000 318.797553 -68.023413 -0.000000 4.073036 5.536621
726.890000 319.119214 -67.922932 0.000000 7.916137 0.733264
726.890000 319.589167 -67.950086 0.000000 9.380456 0.397266
726.890000 320.057260 -67.883205 -0.000000 8.905188 2.704423
726.890000 320.479686 -67.679644 -0.000000 6.527217 6.048494
726.890000 320.709982 -67.278356 -0.000000 5.256701 6.882343
726.890000 321.005356 -66.991410 0.000000 7.459515 4.299700
726.890000 321.455933 -66.848385 0.000000 7.070419 5.274134
726.890000 321.712398 -66.463996 -0.000000 2.440340 8.508879
726.890000 321.699967 -65.997498 -0.000000 3.563572 6.340967
726.890000 322.068755 -65.829899 0.000000 8.390481 1.174752
726.890000 322.539015 -65.880022 0.000000 9.415689 -0.894674
726.890000 323.010324 -65.919367 0.000000 9.427576 -0.401421
726.890000 323.481773 -65.920165 0.000000 9.046921 1.749343
726.890000 323.915016 -65.744433 -0.000000 6.758890 5.720142
726.890000 324.157662 -65.348150 -0.000000 2.749840 8.671560
726.890000 324.190000 -64.877277 0.000000 0.226889 9.401131
726.890000 324.180351 -64.408037 0.000000 4.031793 5.327110
726.890000 324.593179 -64.344566 0.000000 8.847820 0.289435
726.890000 325.065133 -64.379094 0.000000 9.456059 -0.550798
726.890000 325.538785 -64.399645 -0.000000 9.458379 -0.510255
726.890000 326.010971 -64.430119 0.000000 9.454036 -0.505316
726.890000 326.484189 -64.450177 0.000000 9.451745 -0.503671
726.890000 326.956145 -64.480486 -0.000000 9.430386 -0.514606
726.890000 327.427227 -64.501638 0.000000 8.989013 1.340665
726.890000 327.855046 -64.346420 -0.202875 5.735843 4.609946
726.869712 328.000812 -64.040643 -1.353738 5.863509 2.351287
726.754626 328.441397 -64.111291 -2.298667 8.897549 -0.091419
726.639846 328.890567 -64.049785 -2.078964 8.071005 3.378515
726.546730 329.248498 -63.773440 -1.996505 7.710554 3.999926
726.440195 329.661622 -63.649792 -2.295149 8.646533 0.711893
726.317215 330.113151 -63.702250 -2.311420 9.118738 -0.708186
726.209053 330.573496 -63.720611 -2.520570 9.010982 -0.465564
726.065158 331.014249 -63.748807 -5.258121 6.751165 -1.090050
725.683241 331.248612 -63.829616 -6.607193 6.011395 -0.573513
725.404439 331.615389 -63.806158 -3.732274 7.113020 3.095278
725.310014 331.959914 -63.520088 -1.983987 7.538215 3.965337
725.206040 332.369210 -63.409624 -2.333985 8.609862 0.827534
725.076615 332.820901 -63.437335 -2.373413 8.739169 1.212918
724.968699 333.243127 -63.288333 -1.566228 6.192237 5.577297
724.919992 333.440124 -62.879605 -1.435392 5.513948 5.278984
724.825159 333.794522 -62.760434 -2.113219 8.065996 0.696050
724.708671 334.246724 -62.810000 -2.327903 9.090646 -0.199350
724.592369 334.703587 -62.780369 -2.240474 8.439932 2.510432
724.484623 335.090717 -62.558957 -1.423746 5.362364 6.502157
724.449995 335.239823 -62.130153 -1.494946 5.741368 4.172620
724.335129 335.664854 -62.141695 -2.184795 8.083267 1.968966
724.231515 336.048150 -61.933257 -1.337506 5.027858 6.498651
724.201378 336.167640 -61.491830 -1.349987 5.509747 4.427811
724.096516 336.599124 -61.490476 -2.016373 8.029383 2.333360
723.999741 336.970578 -61.258494 -1.365942 5.200743 6.695962
723.959922 337.119199 -60.820880 -1.186875 4.556472 7.657860
723.881053 337.426225 -60.492708 -1.795346 6.896518 5.208648
723.780387 337.808851 -60.300015 -2.109361 8.120617 3.152440
723.670117 338.238287 -60.177464 -1.732572 6.740306 5.094412
723.607130 338.482881 -59.790574 -0.701171 2.917130 8.541521
723.600000 338.530000 -59.323312 -0.071302 0.471189 9.201307
723.600000 338.530000 -58.870443 0.000000 0.000000 8.313750
723.600000 338.530000 -58.491937 0.290146 2.375309 4.398065
723.629015 338.767531 -58.430636 0.500000 4.800281 3.980744
723.650000 339.010028 -58.093862 0.339060 3.931560 7.201716
723.662921 339.160687 -57.710465 0.707940 6.147024 3.538671
723.720794 339.624731 -57.739995 1.070462 9.290777 0.204178
723.769967 340.089765 -57.690047 0.992060 8.759971 2.265687
723.820000 340.500728 -57.513426 0.500330 3.990347 5.382893
723.820000 340.488799 -57.151758 0.395107 3.835141 4.325541
723.859511 340.884242 -57.080872 0.899929 8.184128 2.092836
723.909993 341.307212 -56.942474 0.821335 7.317964 4.641565
723.941644 341.616038 -56.616716 0.838074 7.692005 2.783619
723.993800 342.076412 -56.664112 1.086653 9.248973 -0.708937
724.050309 342.540935 -56.687610 1.054045 9.004066 1.292757
724.099205 342.976819 -56.534836 0.914972 8.130305 4.203332
724.141807 343.353966 -56.267276 0.929170 8.324227 2.236139
724.192122 343.809242 -56.311223 1.087677 9.104248 0.049086
724.250574 344.264391 -56.262368 0.978708 8.008467 3.434519
724.289992 344.610088 -55.967771 0.791322 7.274414 3.740578
724.329707 344.991832 -55.888310 0.908623 8.470135 0.476504
724.380855 345.457102 -55.920120 1.098655 9.308571 -0.672171
724.439572 345.922689 -55.955527 1.132073 9.301577 -0.463848
724.494062 346.387260 -55.966505 0.996101 8.765054 1.945870
724.539182 346.799195 -55.760940 0.608576 5.679836 4.567552
724.554920 346.955243 -55.509750 -0.854942 6.057641 2.160208
724.453688 347.404959 -55.544919 -3.281122 8.057594 -0.805752
724.226807 347.761003 -55.590325 -6.800691 2.663431 -0.453917
723.773619 347.671302 -55.590311 -8.378482 -1.391496 1.810292
723.388959 347.621853 -55.409296 -5.034307 3.881763 1.603243
723.270188 348.059478 -55.429987 -2.285694 8.925298 -0.492441
723.160390 348.514383 -55.458540 -2.257624 9.056018 -0.549765
723.044426 348.965080 -55.484963 -2.329763 9.064087 -0.510460
722.927413 349.420792 -55.509586 -2.268032 9.143018 -0.445398
722.817623 349.879382 -55.529503 -1.973686 9.190672 -0.403732
722.730045 350.339859 -55.549959 -4.722801 5.671055 -0.595517
722.345342 350.446487 -55.589055 -8.366943 -0.087322 -0.600408
721.893350 350.331127 -55.610000 -6.640430 1.195347 -0.511447
721.681299 350.566022 -55.640199 -4.304330 6.440345 -0.603369
721.462917 350.975161 -55.670337 -4.320099 8.182001 -0.805709
721.249290 351.384222 -55.720770 -4.234170 8.058034 0.115530
721.039500 351.780965 -55.658784 -3.092896 5.857778 4.516395
720.940000 351.970000 -55.269131 -1.388470 5.157958 3.493327
720.900653 352.296760 -55.309451 -0.900984 7.488516 0.872464
720.849902 352.718851 -55.181884 -0.916040 7.392280 4.391676
720.809050 353.035988 -54.870284 -0.979052 7.815690 2.899867
720.751996 353.500420 -54.891898 -1.110351 9.238178 0.341258
720.698014 353.959806 -54.836158 -0.910570 7.777556 3.845388
720.660939 354.278176 -54.507359 -0.787456 6.144530 6.258085
720.619269 354.574259 -54.210349 -1.003387 7.532897 2.177080
720.560601 355.031466 -54.289651 -1.103021 9.202774 -0.683331
720.508967 355.494537 -54.278682 -0.905768 7.869576 3.279408
720.470024 355.818423 -53.961710 -0.890711 7.363615 4.185813
720.419896 356.230898 -53.860101 -1.097778 8.747017 0.507054
720.360246 356.693125 -53.911005 -1.191585 9.233678 -1.009875
720.300737 357.154266 -53.961089 -1.104171 8.871484 1.245623
720.249829 357.580273 -53.786442 -0.707371 6.257683 5.806147
720.230000 357.780034 -53.380474 -0.397662 5.514837 5.665422
720.210063 358.131757 -53.219900 -2.058507 7.553206 0.905865
720.024149 358.535355 -53.289887 -6.333396 4.984054 -1.201074
719.576723 358.630162 -53.340008 -8.881378 0.409755 0.478361
719.136011 358.576330 -53.242051 -4.866093 0.156107 4.798700
719.090114 358.645773 -52.860138 -1.017936 5.265670 3.263202
719.034218 359.102897 -52.915731 -1.095586 9.200270 -0.999236
718.980555 359.565800 -52.960061 -1.042246 8.766023 0.950579
718.929993 359.979500 -52.820673 0.420111 4.541082 4.821905
719.022567 360.019908 -52.477871 5.452572 1.186830 2.707463
719.475250 360.098183 -52.549927 7.797391 3.942793 -1.323946
719.802306 360.414188 -52.610265 3.644018 7.362062 1.137807
719.839652 360.834389 -52.436146 -0.034278 7.603752 4.707027
719.798878 361.174563 -52.139563 -0.903049 7.986080 3.263506
719.749347 361.632997 -52.109796 -0.998288 8.246136 2.983902
719.699049 361.999176 -51.841172 -0.993208 7.767883 3.798132
719.650027 362.409785 -51.729983 -1.060114 8.739317 0.711944
719.593038 362.873108 -51.769978 -1.109161 8.866572 1.362810
719.539110 363.296442 -51.593702 -0.922934 7.872008 4.200239
719.500744 363.660309 -51.349954 -0.999987 8.220067 2.658255
719.439112 364.118449 -51.327876 -1.007422 7.995222 3.296956
719.400002 364.459831 -51.020258 -0.888043 7.816413 4.045672
719.350307 364.900090 -50.923309 -1.015313 8.206739 3.264618
719.298471 365.280505 -50.693797 -0.503072 4.427727 6.890726
719.300000 365.342863 -50.234236 -0.399692 4.327950 5.725442
719.258502 365.713300 -50.121252 -1.847491 7.800863 0.797316
719.115251 366.122949 -50.154505 -3.135282 8.417888 -0.887268
718.944973 366.555089 -50.209979 -3.250225 8.189583 0.762477
718.790229 366.941908 -50.078257 -2.051196 5.148640 5.680269
718.739854 367.069953 -49.641952 -1.850806 4.595383 5.780503
718.605148 367.401446 -49.500207 -3.087405 7.658247 0.917686
718.431113 367.835777 -49.550184 -3.526909 8.734325 -0.591820
718.252457 368.274878 -49.559389 -3.561574 8.756473 -0.409206
718.074956 368.711425 -49.591104 -3.448988 8.774108 -0.616170
717.907558 369.152289 -49.621006 -3.458466 8.778608 -0.587690
717.729109 369.589286 -49.649873 -3.560806 8.720967 -0.826089
717.551478 370.024386 -49.703615 -3.522868 8.757169 -0.710388
717.376823 370.465002 -49.720912 -3.356694 8.345643 1.560335
717.215808 370.858950 -49.547581 -2.270753 5.443732 6.065854
717.149747 371.009376 -49.114327 -2.043682 4.980109 5.386876
717.011440 371.356961 -49.008893 -3.069229 7.804216 0.446111
716.842824 371.789797 -49.069716 -3.339402 8.395795 0.836465
716.677500 372.196541 -48.925247 -2.828554 7.002563 4.597119
716.559969 372.490053 -48.610004 -2.944045 7.281940 3.241101
716.383095 372.924735 -48.601137 -3.409575 8.521047 1.505792
716.219012 373.342158 -48.459425 -3.409414 8.376829 1.743112
716.042154 373.762418 -48.426826 -1.323816 8.733617 -0.351093
716.086630 374.215520 -48.494534 0.767488 9.096334 -1.230565
716.118903 374.672051 -48.549882 -0.711536 8.393914 1.658922
716.015476 375.054911 -48.328642 -2.292073 6.809120 5.100793
715.889696 375.352963 -48.039803 -3.200094 7.128279 2.179941
715.695467 375.767739 -48.110648 -0.098721 7.869110 -1.102053
715.879823 376.139874 -48.150008 6.104887 5.699742 -0.728419
716.305956 376.337713 -48.183489 7.358771 5.356147 -0.853367
716.615701 376.675489 -48.235345 3.639279 7.939018 -0.609644
716.669883 377.131615 -48.244454 -0.557788 7.846960 2.757191
716.559922 377.460185 -47.959626 -2.447313 6.673224 4.443619
716.425152 377.798938 -47.800092 -2.398222 6.993224 1.393606
716.320100 378.159507 -47.820265 -1.653547 5.983751 3.468638
716.259797 378.397313 -47.453228 -1.418699 5.549688 6.729009
716.178230 378.714476 -47.147364 -1.297878 5.029886 7.214898
716.130010 378.900301 -46.731738 -0.375101 1.744816 8.759306
716.140720 378.888957 -46.271434 -1.058182 4.018895 5.427799
716.024191 379.302191 -46.188958 -2.370371 8.660569 0.312658
715.903682 379.755014 -46.240168 -2.442974 9.074801 -0.697922
715.779894 380.209671 -46.258751 -2.392366 9.045158 -0.565509
715.664446 380.659530 -46.296719 -2.411044 9.038750 -0.613079
715.538790 381.113546 -46.320059 -2.213369 9.123960 -0.537775
715.443109 381.571926 -46.350496 -3.837335 7.955158 -0.690395
715.155056 381.909062 -46.389098 -7.508044 3.580100 -0.853407
714.692305 381.929936 -46.435837 -8.452862 2.358569 -0.858114
714.309770 382.144919 -46.474909 -5.308993 6.601545 -0.639954
714.161405 382.590091 -46.499832 -2.716410 9.008323 -0.450354
714.038129 383.045751 -46.519945 -2.422396 9.132471 -0.400465
713.919166 383.503338 -46.539879 -2.381206 9.142215 -0.500563
713.800009 383.959972 -46.570001 -2.383786 9.133394 -0.595326
713.680787 384.416677 -46.599411 -2.498403 9.089096 -0.500059
713.550168 384.868882 -46.620007 -2.798213 8.521439 -0.313952
713.400966 385.268821 -46.630807 -2.895418 6.497772 1.900145
713.260626 385.518659 -46.429993 -3.536853 6.364632 1.503536
713.047280 385.905284 -46.480453 -4.396120 7.899604 -0.996893
712.821014 386.308620 -46.529682 -4.546670 8.084380 -0.115990
712.592613 386.713722 -46.492052 -4.077091 7.147376 3.396690
712.413305 387.023357 -46.190013 -3.324419 5.810796 6.500214
712.260172 387.294802 -45.842031 -3.790425 6.789176 3.441652
712.034263 387.702275 -45.845848 -4.619806 8.116316 -0.677658
711.798191 388.106433 -45.909797 -4.659218 8.167202 -0.762990
711.568341 388.518995 -45.922147 -4.490340 8.049122 1.209304
711.349157 388.911346 -45.788866 -4.018368 7.174773 4.221582
711.166504 389.236472 -45.499988 -3.636626 6.431755 5.766871
710.985494 389.554521 -45.212179 -4.131374 7.244595 2.345848
710.753367 389.960932 -45.265404 -4.655505 8.150901 -0.645768
710.519944 390.369611 -45.276756 -4.539117 8.144479 0.916258
710.299455 390.775380 -45.173778 -4.257537 7.612350 3.294168
710.094190 391.130846 -44.947339 -4.087106 7.218150 2.434508
709.890745 391.497195 -44.930327 -3.857045 6.810082 -0.034539
709.708485 391.811854 -44.950793 -4.063297 7.207606 -0.593822
709.484415 392.217955 -44.989709 -4.564332 8.145038 -0.678475
709.252052 392.626358 -45.018640 -4.628116 8.186950 -0.603254
709.021603 393.036650 -45.050035 -4.522585 7.990296 0.893496
708.799794 393.425388 -44.929291 -3.754523 6.575612 4.636196
708.646151 393.694212 -44.586415 -3.811161 6.732343 3.465270
708.418678 394.098622 -44.582764 -4.600036 8.145051 -0.427692
708.186147 394.508717 -44.629184 -4.685261 8.200770 -0.667908
707.950152 394.918699 -44.649555 -4.631778 8.252043 -0.409472
707.722970 395.333921 -44.670132 -4.673345 8.231304 -0.321818
707.482817 395.741830 -44.681736 -4.704879 8.221240 -0.300065
707.252482 396.156045 -44.700138 -4.629492 8.247083 -0.379548
707.019868 396.566538 -44.719691 -4.646761 8.174240 -0.597324
706.787806 396.973469 -44.759871 -4.578933 8.089881 -0.026234
706.561975 397.375526 -44.722315 -3.178101 5.765029 4.286311
706.469995 397.549972 -44.331239 -0.926660 1.677632 8.559531
706.469309 397.543289 -43.866361 -2.049077 3.723921 5.416999
706.265088 397.922364 -43.789540 -4.395407 7.815760 0.154133
706.029768 398.324865 -43.850948 -4.621676 8.139857 -0.806687
705.802920 398.736350 -43.870208 -4.558892 8.200550 -0.494368
705.573879 399.144920 -43.900385 -4.601515 8.150573 -0.602723
705.342769 399.551407 -43.930481 -4.556980 8.146794 -0.496148
705.118181 399.959600 -43.950000 -3.727593 6.585789 0.204822
704.970009 400.209986 -43.909998 -3.740001 6.534159 0.670706
704.744181 400.613016 -43.882929 -3.654534 6.566028 3.702467
704.604556 400.866589 -43.539752 -3.411161 6.077151 4.427023
704.403065 401.220731 -43.440227 -4.343686 7.630699 0.497725
704.170187 401.629659 -43.489979 -4.680003 8.181735 -0.895440
703.935064 402.038904 -43.529771 -4.615879 8.253541 -0.401789
703.708599 402.455013 -43.530158 -4.527031 8.117011 1.066197
703.482361 402.850605 -43.423151 -3.384767 5.935701 4.938637
703.370123 403.048583 -43.036294 -1.323774 2.394138 8.231568
703.349984 403.090019 -42.599994 -2.449435 4.486531 4.357117
703.125179 403.497236 -42.600583 -4.577789 8.150652 -0.394071
702.892205 403.905084 -42.639401 -4.676716 8.160216 -0.699635
702.657508 404.313258 -42.670546 -4.665114 8.138824 -0.772648
702.425694 404.718967 -42.716666 -4.584667 8.091863 0.012779
702.199041 405.122444 -42.669268 -3.856639 7.009518 3.563809
702.040030 405.419918 -42.360285 -2.622871 4.761966 6.842785
701.936754 405.598640 -41.984990 -3.299830 5.784888 3.204088
701.710047 405.998407 -42.039877 -4.456083 7.937191 0.724081
701.491146 406.392359 -41.912582 -3.510921 6.338770 4.944568
701.358955 406.632284 -41.545420 -2.947555 5.160379 5.829774
701.196390 406.908397 -41.329604 -3.876365 6.845984 1.559839
700.971318 407.316883 -41.389436 -4.602871 8.169510 -0.809155
700.736103 407.725348 -41.410520 -4.656630 8.200332 -0.400045
700.505655 408.136916 -41.429440 -4.535190 8.200722 -0.494073
700.282584 408.545421 -41.459927 -4.526149 8.059699 -0.604917
700.053040 408.942886 -41.489932 -4.699061 7.961179 -0.591101
699.812678 409.341539 -41.519037 -0.615891 7.825451 -0.777233
699.991451 409.725431 -41.567655 5.838692 6.155974 -0.796983
700.396547 409.957136 -41.598735 5.356304 4.512145 -0.433499
700.527081 410.176645 -41.611005 -0.956172 6.307912 -0.510376
700.300930 410.587927 -41.649773 -4.652748 8.190981 -0.700796
700.061807 410.995744 -41.681085 -4.686197 8.211975 -0.512656
699.832310 411.409125 -41.701039 -4.668266 8.228428 -0.401345
699.594980 411.818586 -41.721219 -4.795085 8.163324 -0.389359
699.352802 412.225457 -41.739975 -4.052456 8.255588 -0.487239
699.189734 412.644145 -41.769943 0.763136 5.792361 -0.692746
699.429115 412.804693 -41.809249 -1.546092 -0.872817 -0.822031
699.035125 412.556863 -41.852146 -8.046161 -3.081897 -0.248810
698.624499 412.496503 -41.834130 -5.875127 2.279873 3.380736
698.447613 412.784851 -41.514073 -3.920165 6.663194 4.114630
698.232483 413.162823 -41.422667 -4.433164 7.871512 0.342898
698.004296 413.572002 -41.479783 -4.477026 8.278638 -0.862946
697.784780 413.990687 -41.508962 -4.425910 8.348015 -0.699096
697.561705 414.406803 -41.549693 -5.130825 7.838619 -0.857389
697.271698 414.774549 -41.594701 -7.284585 4.697438 -1.014280
696.833247 414.876547 -41.651121 -8.530199 -1.204058 -0.753012
696.418678 414.654143 -41.670002 -7.118525 -1.112133 -0.806252
696.121394 414.765334 -41.731746 -5.779015 4.849500 -0.303867
695.840776 415.139093 -41.700389 -4.613413 6.146542 3.512461
695.660053 415.379988 -41.380500 -4.432513 5.841111 4.103765
695.397525 415.723204 -41.290012 -5.224658 6.913908 2.145111
695.137587 416.071379 -41.165988 -4.201239 5.802639 4.500381
694.977401 416.303468 -40.839974 -4.454683 6.022951 2.793205
694.692119 416.673674 -40.886668 -5.600486 7.542144 -0.708591
694.417352 417.057682 -40.910833 -5.434821 7.727303 -0.439288
694.148637 417.446404 -40.930597 -6.511421 5.607972 -0.499490
693.766210 417.618479 -40.960782 -7.586530 -1.073780 -0.745329
693.389984 417.339026 -41.005130 -7.534990 -5.608638 -0.803976
693.012711 417.057616 -41.041180 -7.459278 -5.760257 -0.642453
692.644056 416.763000 -41.069375 -7.739686 -5.280735 -0.687382
692.238743 416.529542 -41.109918 -8.283395 -1.204125 -0.877271
691.815716 416.642588 -41.157102 -7.040673 4.847347 -0.805025
691.534675 417.014277 -41.190421 -5.624441 7.474851 -0.627992
691.253272 417.390073 -41.219901 -5.611640 7.531258 -0.593471
690.973511 417.767403 -41.249768 -5.606335 7.563774 -0.495897
690.692639 418.146450 -41.269491 -5.676843 7.548527 -0.404989
690.405827 418.522255 -41.290267 -5.647806 7.565919 -0.608953
690.127858 418.903042 -41.330386 -5.644659 7.532918 -0.391691
689.841361 419.275547 -41.329436 -5.487200 7.279801 1.509542
689.579138 419.631022 -41.179432 -4.514910 6.153419 4.558031
689.389870 419.890889 -40.873633 -1.791431 2.287252 7.738147
689.399995 419.859748 -40.405617 -1.590102 2.138609 7.235744
689.230860 420.104750 -40.150058 -4.449747 6.203716 1.816949
688.955020 420.480119 -40.223922 -5.614871 7.509915 -1.207805
688.669373 420.855741 -40.270839 -5.665072 7.579611 -0.571577
688.388513 421.238080 -40.281080 -5.625219 7.546784 0.666138
688.106851 421.610420 -40.204225 -5.224389 7.020135 3.014332
687.866074 421.940094 -39.979647 -5.026622 6.824505 3.386248
687.604189 422.292870 -39.865600 -5.462523 7.276978 0.665257
687.319822 422.667792 -39.913121 -5.666263 7.518683 -0.634246
687.037562 423.044739 -39.929025 -5.568132 7.486535 0.726367
686.763009 423.416445 -39.840485 -5.430471 7.298647 1.990796
686.494515 423.774603 -39.729945 -5.472569 7.343216 0.611601
686.215752 424.150767 -39.779324 -5.645443 7.515570 -0.878848
685.929971 424.526160 -39.817830 -5.688709 7.542691 -0.635106
685.646881 424.905036 -39.842835 -5.651004 7.572053 -0.522880
685.364871 425.283365 -39.870118 -5.597057 7.594596 -0.469235
685.087175 425.664495 -39.889758 -5.598497 7.563133 -0.419839
684.805021 426.039679 -39.912102 -5.652605 7.526474 -0.503548
684.521915 426.417143 -39.940113 -5.580922 7.608780 -0.674082
684.246929 426.800557 -39.979510 -5.635951 7.590964 -0.609456
683.958320 427.176239 -40.001059 -5.681276 7.573378 0.078667
683.678801 427.557894 -39.971643 -5.661488 7.570127 0.706038
683.392171 427.933252 -39.930455 -5.666482 7.494777 1.113520
683.112153 428.307372 -39.860291 -5.584472 7.508836 1.102627
682.833724 428.684135 -39.820192 -5.470770 7.598964 -0.104143
682.565076 429.067269 -39.870706 -5.449693 7.675032 -0.696747
682.288754 429.451639 -39.889867 -6.235388 6.949687 -0.602987
681.941537 429.762237 -39.931004 -8.037783 3.399263 -0.803153
681.484976 429.791565 -39.970182 -8.502571 -2.215145 -0.689609
681.091280 429.540723 -39.999965 -7.677924 -5.244697 -0.598091
680.717184 429.267095 -40.029991 -6.466581 -1.807384 -0.504033
680.444622 429.359984 -40.050368 -6.364243 3.891582 -0.498337
680.080759 429.656253 -40.079825 -7.336524 5.890914 -0.494685
679.710969 429.949076 -40.099837 -7.195120 6.023089 -0.445644
679.361247 430.258562 -40.124390 -3.009618 7.208592 -0.801178
679.410008 430.669935 -40.179955 -2.356162 0.675432 -1.162414
679.125631 430.326105 -40.240631 -5.813490 -7.075952 -0.797068
678.828659 429.962340 -40.259662 -5.939259 -7.245405 -0.490644
678.531705 429.601565 -40.289695 -5.974754 -7.207511 -0.602900
678.231183 429.241589 -40.319952 -5.988354 -7.223911 -0.611786
677.932870 428.879174 -40.350874 -5.805426 -7.374184 -0.485596
677.650641 428.504170 -40.368511 -6.173071 -7.021891 -0.596321
677.315563 428.176985 -40.410506 -7.718824 -4.538655 -0.818470
676.878758 428.050305 -40.450358 -8.207266 1.214313 -0.682353
676.494836 428.298416 -40.478741 -3.110036 6.481920 -0.799879
676.567755 428.698497 -40.530346 3.155151 8.023125 -1.013318
676.810351 429.100728 -40.580073 4.298496 8.338231 -0.985613
676.997604 429.532320 -40.628907 2.587323 8.937481 -1.001373
677.069083 429.994476 -40.680210 -1.247755 8.746460 -0.835911
676.872829 430.406966 -40.712498 -5.605670 7.070370 -0.600395
676.508516 430.701513 -40.740250 -7.303524 5.910249 -0.498278
676.142476 430.997991 -40.762326 -7.293386 5.891508 -0.496001
675.779178 431.290664 -40.789850 -7.269972 5.780406 0.390762
675.415479 431.576031 -40.723250 -5.853702 4.640099 3.698687
675.193808 431.754674 -40.419981 -5.776493 4.752706 3.432440
674.837830 432.051302 -40.380006 -7.030897 5.747871 1.696217
674.490718 432.329461 -40.250360 -5.921881 4.841236 4.688092
674.245642 432.535425 -39.911197 -5.716435 4.613148 4.503894
673.919074 432.790776 -39.799970 -6.894291 5.476314 0.614380
673.556213 433.083057 -39.849759 -7.210445 5.925375 -0.700314
673.198030 433.383314 -39.870002 -4.900296 4.004758 2.062136
673.066183 433.483533 -39.643545 -4.859946 3.896321 1.689459
672.712035 433.772946 -39.701056 -7.226983 5.841334 -0.760487
672.343485 434.067666 -39.719594 -7.351330 5.906525 -0.491995
671.976902 434.363598 -39.750255 -7.357597 5.910441 -0.495942
671.607725 434.658710 -39.769188 -7.373532 5.899817 -0.395375
671.239549 434.953580 -39.789793 -7.305647 5.924748 -0.535442
670.877160 435.251185 -39.822732 -7.277033 5.946960 -0.305466
670.511846 435.548276 -39.820340 -7.254845 5.881826 0.869547
670.151676 435.839368 -39.735778 -7.143420 5.732278 1.913369
669.797504 436.121504 -39.629003 -7.133541 5.717076 0.651773
669.438322 436.411075 -39.670600 -7.228745 5.850816 -0.714466
669.074629 436.706586 -39.700449 -7.297902 5.899570 -0.496798
668.708532 437.001032 -39.720280 -7.332550 5.921696 -0.392790
668.341374 437.298755 -39.739728 -7.422004 5.841084 -0.396599
667.966331 437.585141 -39.759940 -4.721489 6.302478 -0.604165
667.869225 437.929003 -39.800145 1.335712 7.446586 -0.900304
668.099902 438.329799 -39.849970 1.441788 8.370564 -0.889676
668.013404 438.766059 -39.889112 -4.333365 7.536986 -0.682323
667.666566 439.083498 -39.918203 -5.539104 7.174246 -0.601369
667.459494 439.483484 -39.949249 -0.573818 8.421283 -0.816481
667.609184 439.925626 -39.999851 0.322793 8.792211 -1.007305
667.491773 440.362705 -40.049980 -4.302671 7.550929 0.688612
667.178917 440.680719 -39.930989 -5.808505 5.315913 4.117518
666.910923 440.894296 -39.638228 -6.301632 5.132781 2.810224
666.548754 441.193997 -39.649967 -7.294542 5.939260 -0.537695
666.181469 441.488222 -39.691997 -7.289344 5.961456 -0.700341
665.819819 441.790143 -39.720001 -6.619899 5.418690 1.727355
665.519479 442.030091 -39.519262 -5.787028 4.624864 4.028118
665.241117 442.252629 -39.317189 -6.383854 5.189323 1.693889
664.881093 442.549024 -39.349873 -7.310066 5.866245 -0.529672
664.510110 442.839254 -39.370156 -7.347341 5.809706 -0.497519
664.146359 443.129994 -39.399625 -2.860964 7.033112 -0.684509
664.224014 443.542565 -39.438607 2.234613 8.412360 -0.802747
664.369820 443.971230 -39.479900 -1.335265 7.943305 -0.743878
664.090487 444.336895 -39.512995 -6.371394 6.701929 -0.559754
663.732681 444.641423 -39.535875 -7.356621 5.749784 -0.465747
663.354825 444.911874 -39.559570 -8.291654 2.678590 -0.794930
662.903516 444.909282 -39.615368 -8.752481 1.778734 -0.913927
662.479577 445.089747 -39.650963 -7.866283 4.740491 -0.713238
662.116887 445.383331 -39.686692 -7.124841 5.821241 0.332863
661.767093 445.671871 -39.617676 -6.874447 5.627696 1.967322
661.429443 445.946101 -39.489960 -6.962869 5.631989 0.852152
661.070806 446.235070 -39.532461 -7.214349 5.852610 -0.803160
660.708008 446.531362 -39.570276 -7.275406 5.926974 -0.776075
660.343265 446.827768 -39.610069 -7.327330 5.922854 -0.694441
659.975275 447.123647 -39.639720 -7.343544 5.922149 -0.551762
659.608911 447.419982 -39.665245 -7.315327 5.920284 -0.529323
659.243742 447.715676 -39.692652 -7.275665 5.884852 -0.160855
658.881344 448.008468 -39.681330 -5.036061 4.141883 3.904472
658.740136 448.129864 -39.302205 -2.920546 2.423852 6.613195
658.589290 448.250853 -39.020011 -5.107504 4.145369 2.332495
658.229386 448.544401 -39.068955 -7.264282 5.852392 -0.801802
657.862862 448.836092 -39.100191 -7.322588 5.883777 -0.508870
657.497127 449.132779 -39.119842 -7.316876 5.916666 -0.389726
657.131174 449.427759 -39.139164 -7.324120 5.932191 -0.393846
656.764715 449.725998 -39.159227 -7.215144 6.024070 -0.508133
656.409660 450.030166 -39.189977 -7.799175 2.127788 -0.807843
655.984797 449.938777 -39.240011 -8.220984 1.327273 -0.805516
655.587561 450.162893 -39.270529 -7.936094 4.687614 -0.606047
655.191188 450.407538 -39.300616 -8.595246 2.673544 -0.799175
654.728037 450.430247 -39.350446 -8.676107 2.389157 -0.796234
654.323577 450.646454 -39.380239 -8.012709 4.648836 -0.584042
653.926766 450.895131 -39.408850 -8.274161 1.248253 -0.742736
653.496161 450.771279 -39.454513 -8.262449 -3.253427 -0.910292
653.100521 450.569788 -39.499879 -8.021028 0.210859 -0.792571
652.694058 450.792365 -39.533770 -7.854770 4.976328 -0.705289
652.315044 451.067421 -39.570408 -8.237911 3.278151 -0.861490
651.870267 451.120180 -39.619919 -8.895429 1.335082 -0.906559
651.425501 451.200929 -39.661064 -8.911360 1.698200 -0.973362
650.979131 451.290000 -39.717255 -9.079113 1.327715 -1.027942
650.517590 451.333701 -39.763858 -8.530548 2.989083 -0.724772
650.126076 451.588908 -39.789732 -7.590747 5.473666 -0.453250
649.758515 451.881068 -39.809184 -7.306886 5.923005 -0.500028
649.395388 452.181209 -39.839735 -7.185667 6.092000 -0.513647
649.039948 452.490268 -39.860548 -7.695029 4.961057 -0.595027
648.625885 452.677315 -39.899238 -8.738004 2.272576 -0.886791
648.166148 452.717525 -39.949227 -8.710784 2.625146 -0.800088
647.754806 452.939829 -39.979247 -7.731763 5.194602 -0.712272
647.392972 453.236985 -40.020455 -7.196267 5.859164 0.517770
647.035180 453.525746 -39.927470 -7.119337 5.678266 1.902974
646.681038 453.804812 -39.830157 -7.084937 5.796168 1.556364
646.326686 454.105362 -39.771833 -6.979249 5.720457 1.971558
645.983113 454.376858 -39.633001 -7.045432 5.628105 1.017276
645.622143 454.668173 -39.670106 -7.254758 5.852267 -0.708584
645.257637 454.962084 -39.703860 -7.295334 5.901385 -0.793810
644.892610 455.258311 -39.749487 -7.320494 5.923711 -0.746196
644.525588 455.554455 -39.778479 -7.321269 5.936289 -0.682563
644.160483 455.851940 -39.817743 -7.323375 5.929016 -0.560922
643.793250 456.147357 -39.834572 -7.334486 5.905442 -0.422542
643.427034 456.442484 -39.859997 -7.267453 5.847869 0.461882
643.066505 456.732144 -39.788383 -6.165717 4.970901 3.787024
642.810462 456.939575 -39.481295 -5.847213 4.702300 3.419859
642.481784 457.202374 -39.446398 -6.907131 5.608114 0.015468
642.119749 457.500386 -39.479748 -7.303229 5.915133 -0.525144
641.751461 457.793887 -39.498912 -7.279741 5.914340 -0.588809
641.391775 458.091820 -39.538629 -7.257615 5.908831 -0.610255
641.025699 458.384770 -39.559937 -6.439093 5.225939 2.257742
640.747866 458.614414 -39.312855 -2.846760 2.278233 6.975430
640.741023 458.612594 -38.862394 2.265107 2.913871 4.117561
640.974376 458.905801 -38.901099 5.426716 6.471557 -0.681771
641.283695 459.259749 -38.930571 4.655852 7.745400 -0.689538
641.439962 459.680341 -38.970052 -0.995450 7.957225 -0.897323
641.184150 460.055472 -39.020304 -6.135086 6.618088 0.261234
640.826453 460.342150 -38.943929 -7.024080 5.812306 1.729481
640.481742 460.636702 -38.847356 -6.959590 5.776163 2.236512
640.130494 460.919766 -38.720278 -6.438022 5.153047 4.001032
639.837940 461.152007 -38.447252 -6.515429 5.202633 2.847122
639.478951 461.440029 -38.435566 -6.363404 5.165762 2.905219
639.201599 461.668583 -38.156731 -5.501145 4.506467 4.253874
638.928837 461.890676 -38.010178 -6.340378 5.141831 0.862686
638.567561 462.182766 -38.070462 -7.245062 5.927838 -0.786408
638.204330 462.483460 -38.088819 -7.349033 5.874843 -0.440854
637.832658 462.770251 -38.114547 -7.166970 5.952862 -0.577078
637.487633 463.078746 -38.146527 -3.029811 7.194206 -0.959286
637.529677 463.489671 -38.210476 -2.535551 0.543971 -1.035104
637.234078 463.133143 -38.250037 -5.656725 -5.743849 -0.583067
636.964004 462.915286 -38.268783 -6.140530 -0.731554 -0.399610
636.620025 463.059988 -38.289998 -7.768744 2.886986 -0.612340
636.187130 463.203985 -38.330017 -8.392211 2.793453 -0.594321
635.780804 463.339333 -38.349430 -7.900138 3.787624 -0.497027
635.397116 463.582747 -38.379719 -6.890865 4.293142 2.573917
635.091718 463.768647 -38.092039 -5.897838 3.698267 6.120778
634.807332 463.952574 -37.767641 -6.762963 4.249907 4.110180
634.415421 464.193638 -37.681021 -7.876242 4.872145 0.176370
634.019708 464.439788 -37.750004 -7.950727 4.961722 -0.889098
633.620349 464.689810 -37.769930 -7.985120 4.995360 -0.498136
633.221196 464.939324 -37.799818 -7.996392 4.985434 -0.526893
632.820709 465.188353 -37.822620 -7.937888 5.039051 -0.481740
632.427407 465.443229 -37.847992 -7.972989 4.975656 -0.470268
632.023410 465.685919 -37.869646 -8.034320 4.906081 -0.415781
631.623975 465.933837 -37.889570 -6.351390 5.603485 -0.596363
631.388271 466.246268 -37.929283 -0.025913 7.086563 -0.909099
631.621384 466.642494 -37.980480 1.650972 8.243003 -0.836404
631.553369 467.070568 -38.012923 -4.554817 6.905197 -0.703734
631.165902 467.333013 -38.050853 -7.820217 5.184462 -0.769615
630.771347 467.589014 -38.089885 -7.924835 5.049239 -0.987711
630.373419 467.837937 -38.149624 -7.990940 4.944170 -0.569570
629.972253 468.083431 -38.146842 -6.822753 4.318153 3.066529
629.691144 468.269753 -37.842972 -3.767586 2.432726 6.969040
629.595494 468.326704 -37.449938 -4.892891 2.990633 3.428854
629.201855 468.568816 -37.500086 -7.810697 5.068224 -0.698054
628.814425 468.833526 -37.519743 -7.947446 4.892525 -0.584891
628.407110 469.058068 -37.558575 -8.458040 1.724208 -0.811417
627.968620 469.005947 -37.600885 -8.337850 -0.601842 -0.905999
627.573325 468.997884 -37.649175 -7.890985 2.444674 -1.092818
627.179522 469.250414 -37.710167 -7.849162 4.994530 -0.032450
626.788409 469.497337 -37.652420 -6.488240 4.086012 3.772556
626.530698 469.659015 -37.332911 -5.965867 3.680277 4.108140
626.191822 469.865365 -37.241606 -7.328320 4.571833 0.430902
625.797866 470.116199 -37.289821 -7.938443 5.013147 -0.686517
625.397978 470.366680 -37.310258 -7.987648 4.991495 -0.389380
624.999101 470.615348 -37.328759 -7.949551 5.011511 -0.490153
624.603023 470.867831 -37.359273 -7.990535 4.975915 -0.515689
624.200048 471.112940 -37.380328 -8.010602 4.974983 -0.507749
623.801963 471.365329 -37.410048 -7.931912 5.042558 -0.593402
623.406856 471.617196 -37.439668 -7.941837 4.997547 -0.732079
623.007779 471.865084 -37.483256 -7.967637 5.027400 -0.903270
622.610093 472.119936 -37.529995 -7.990250 5.057982 -0.768830
622.208754 472.370882 -37.560139 -8.027459 5.005846 -0.586711
621.807347 472.620520 -37.588666 -8.019967 4.995408 -0.586590
621.406757 472.870423 -37.618798 -7.972887 5.042207 -0.777169
621.010058 473.124741 -37.666383 -7.947695 5.051358 -1.128460
620.611988 473.375559 -37.731644 -8.030970 4.958776 -0.952106
620.206961 473.620619 -37.761594 -8.005154 5.033470 -0.284689
619.811472 473.878906 -37.760113 -7.659881 4.787276 1.573508
619.440973 474.099346 -37.604243 -3.820449 2.309403 6.181636
619.429427 474.109846 -37.141949 -1.932009 1.328830 6.836735
619.247772 474.232229 -36.920569 -5.791273 3.676304 1.470578
618.850300 474.477476 -36.994892 -7.980752 4.945611 -1.193346
618.449697 474.726790 -37.039904 -7.993343 5.036542 -0.755320
618.050966 474.981130 -37.070424 -8.008797 5.049764 -0.487932
617.648817 475.231767 -37.088697 -8.044287 5.022858 -0.405520
617.246537 475.483416 -37.110976 -8.054582 5.025242 -0.385707
616.843359 475.734291 -37.127268 -8.034677 5.057990 -0.277577
616.443069 475.989215 -37.138733 -8.011037 5.083673 -0.333041
616.042255 476.242658 -37.160572 -8.036973 5.031768 -0.408995
615.639372 476.492392 -37.179633 -8.039939 4.997465 -0.440363
615.238261 476.742405 -37.204608 -7.957027 5.077091 -0.673038
614.843669 477.000101 -37.246937 -7.973613 5.027330 -0.829698
614.440900 477.245138 -37.287578 -7.990435 5.029078 -0.772578
614.044626 477.503009 -37.324194 -7.977770 5.082666 -0.694250
613.643123 477.753404 -37.357003 -8.018895 5.008719 -0.767852
613.242736 478.003881 -37.400980 -8.021765 5.007667 -0.729098
612.840947 478.254171 -37.429913 -8.006449 5.087548 -0.297959
612.442091 478.512636 -37.430775 -8.009842 5.058518 0.499189
612.039962 478.760023 -37.379994 -7.972085 4.941877 1.403095
611.644883 479.006823 -37.290466 -7.860163 4.940173 1.920130
611.253946 479.254040 -37.187981 -7.799204 4.896400 2.184971
610.864963 479.496463 -37.071969 -7.834803 4.837871 1.177921
610.470466 479.737827 -37.070189 -7.872218 4.894455 -0.551531
610.077741 479.985909 -37.127122 -7.863594 4.997028 -0.500241
609.684106 480.237530 -37.120213 -7.815078 4.999390 1.156577
609.296233 480.485848 -37.011464 -7.805739 4.904362 2.088017
608.903532 480.727966 -36.911411 -7.902487 4.860561 1.110009
608.505984 480.971904 -36.900463 -7.955637 4.933072 -0.289054
608.107969 481.221273 -36.940317 -7.946636 5.058645 -0.584855
607.711321 481.477769 -36.958949 -7.975270 5.084699 -0.396938
607.310442 481.729743 -36.980011 -8.005653 5.054285 -0.408541
606.910755 481.983197 -36.999803 -8.015300 5.008617 -0.401540
606.508912 482.230605 -37.020165 -8.010325 4.924663 -0.514008
606.109723 482.475663 -37.051204 -7.942746 5.021639 -0.491714
605.714637 482.732769 -37.069336 -7.938742 5.095412 -0.499478
605.315849 482.985205 -37.101151 -8.034911 4.990256 -0.510752
604.911146 483.231794 -37.120411 -8.040588 4.998879 -0.363881
604.511790 483.485092 -37.137540 -8.007008 4.979325 -0.396124
604.110445 483.729727 -37.160024 -7.977619 4.991633 -0.420647
603.714028 483.984256 -37.179604 -7.928224 5.063782 -0.526279
603.317623 484.236105 -37.212652 -7.921066 5.044533 -0.702505
602.921921 484.488709 -37.249855 -7.952351 5.023914 -0.772127
602.522388 484.738497 -37.289864 -8.011397 4.968762 -0.696271
602.120782 484.985585 -37.319482 -8.011340 5.007630 -0.501920
601.721254 485.239260 -37.340056 -8.024288 4.952337 -0.411206
601.318353 485.480819 -37.360602 -4.744678 6.643812 -1.007049
601.246786 485.903641 -37.440761 -4.849738 3.014584 -1.487012
600.833379 485.782277 -37.509304 -8.571607 -2.537629 -1.078249
600.389625 485.649878 -37.548586 -8.368222 0.715198 -0.904626
599.996557 485.853797 -37.599766 -5.309143 6.385542 -1.030143
599.858711 486.288432 -37.651600 -4.339939 7.745558 -0.798116
599.562563 486.628353 -37.679578 -6.949959 5.853007 -0.779987
599.163715 486.873733 -37.729599 -7.984521 4.945937 -0.909172
598.764111 487.122947 -37.770495 -8.001517 5.004588 -0.711049
598.363563 487.374192 -37.800704 -8.020048 5.018353 -0.606262
597.962106 487.624782 -37.831121 -8.050744 4.969618 -0.594362
597.558489 487.871153 -37.860140 -8.029737 4.958045 -0.589473
597.159133 488.120586 -37.890069 -7.996435 4.959178 -0.596417
596.758845 488.367071 -37.919782 -7.573743 4.791454 1.377291
596.401758 488.599732 -37.752339 -4.488476 2.829254 6.098048
596.309998 488.649997 -37.309977 -4.606954 2.821654 5.321194
595.941063 488.881897 -37.220220 -7.662081 4.783425 0.406155
595.543790 489.128339 -37.269361 -7.941038 4.908344 -0.694941
595.146959 489.372732 -37.289714 -2.581057 6.516538 -0.812691
595.285684 489.779993 -37.350631 3.912400 7.751335 0.076055
595.538199 490.147865 -37.282109 0.223544 5.912645 2.102573
595.308038 490.371257 -37.140373 -6.254453 4.653530 0.714866
594.912754 490.613218 -37.210622 -7.910439 4.902587 -0.280705
594.516994 490.861516 -37.168444 -5.525267 3.468326 4.271601
594.360227 490.960051 -36.783462 -5.133714 3.196122 3.868832
594.003623 491.181128 -36.781561 -7.497933 4.698707 -0.165377
593.610434 491.429921 -36.800000 -1.809553 1.166053 0.031757
593.822668 491.297734 -36.778385 1.884156 -1.193975 1.997087
593.798849 491.310524 -36.600291 -4.149342 2.635116 1.181080
593.407733 491.561245 -36.660277 -7.853187 5.068751 -0.798375
593.013531 491.817399 -36.680128 -7.904198 5.103583 -0.500493
592.617314 492.071603 -36.710326 -7.922510 5.118437 -0.497115
592.221280 492.329243 -36.729840 -7.943157 5.101799 -0.511770
591.822998 492.581783 -36.761503 -7.966115 5.075539 -0.504720
591.424668 492.836797 -36.780312 -7.949504 5.045139 -0.537119
591.028048 493.086297 -36.815215 -7.563537 4.773433 0.534065
590.668315 493.314140 -36.726906 -5.219191 3.377489 4.757267
590.506128 493.424046 -36.339488 -5.491356 3.617836 3.388654
590.119179 493.675924 -36.388040 -7.837781 5.042105 -0.700099
589.722350 493.928257 -36.409498 -7.900515 5.086196 -0.517994
589.329128 494.184543 -36.439839 -7.861589 5.059361 -0.579931
588.936191 494.434193 -36.467491 -7.855144 4.972318 -0.967522
588.543613 494.681775 -36.536592 -7.875036 5.078529 -0.934242
588.148688 494.942046 -36.560916 -7.931676 5.153852 0.122950
587.750446 495.197160 -36.524297 -7.948638 5.016914 1.133374
587.353824 495.443737 -36.447578 -7.565768 4.757648 2.708869
586.993869 495.672925 -36.253410 -6.160180 3.939609 4.375663
586.737806 495.837698 -36.010012 -6.498434 4.202152 1.994442
586.344025 496.093140 -36.053966 -7.932373 5.056462 -0.898994
585.944569 496.343344 -36.099911 -7.970776 5.072802 -0.189324
585.546948 496.600420 -36.072898 -7.811720 5.046278 1.480753
585.163397 496.847972 -35.951836 -6.833233 4.393777 3.850212
584.863625 497.039798 -35.687877 -4.840978 3.126941 5.923354
584.679299 497.160666 -35.359501 -4.436280 2.902044 6.578791
584.419997 497.330002 -35.029998 -6.457291 4.136999 3.678919
584.033570 497.574366 -34.991609 -7.822503 4.912848 -0.202083
583.637746 497.821287 -35.050206 -7.890072 5.058262 -1.064967
583.244563 498.080192 -35.098105 -7.925253 5.087338 -0.979536
582.845221 498.330021 -35.148160 -7.900468 5.098511 -1.124590
582.454516 498.590043 -35.210564 -7.879720 5.119220 -1.125761
582.057249 498.841943 -35.260736 -7.917785 5.040806 -1.207091
581.662737 499.094124 -35.331273 -7.932872 5.072934 -1.004625
581.263962 499.349236 -35.361198 -7.972302 5.133403 -0.393615
580.865507 499.607464 -35.370635 -7.854209 5.016553 0.916148
580.478541 499.850892 -35.269583 -6.223883 3.972020 4.105706
580.243119 500.004666 -34.960064 -6.261801 3.975015 2.694665
579.852361 500.248393 -35.000117 -7.871024 4.974218 -0.599161
579.456016 500.502088 -35.019981 -7.057780 4.563435 -0.299030
579.146583 500.704737 -35.030020 -7.152420 4.206081 -0.509998
578.740774 500.922696 -35.070980 -8.158373 4.446878 -0.700155
578.330746 501.149425 -35.100035 -8.220157 4.510631 -0.490379
577.918759 501.373759 -35.120018 -8.205523 4.504579 -0.499323
577.510193 501.599882 -35.149968 -8.219745 4.468495 -0.873183
577.096784 501.820609 -35.207337 -8.227857 4.517763 -1.216251
576.687408 502.051659 -35.271593 -8.238082 4.583010 -0.831335
576.272976 502.278910 -35.290470 -7.039546 3.848343 2.191869
575.983453 502.436493 -35.052406 -5.496239 2.984581 4.210690
575.723352 502.577368 -34.869401 -6.696187 3.652303 1.212860
575.313834 502.801723 -34.931120 -8.239122 4.528939 -0.806616
574.899440 503.030262 -34.950063 -8.257203 4.583125 -0.488858
574.488114 503.260036 -34.980006 -8.099332 4.501132 0.504228
574.089507 503.480375 -34.899640 -7.062586 3.883722 3.785936
573.781855 503.648408 -34.601412 -7.096932 3.897324 3.395982
573.379814 503.870107 -34.560042 -8.080946 4.428718 0.628319
572.973761 504.091280 -34.538580 -7.101242 3.901212 3.204219
572.669689 504.260229 -34.239620 -6.518113 3.590279 4.186939
572.321949 504.450308 -34.119887 -7.618056 4.144118 0.689479
571.907884 504.674640 -34.170672 -8.246885 4.550335 -0.006569
571.497261 504.905341 -34.120543 -8.203253 4.464811 1.416306
571.087558 505.121122 -34.029041 -7.587791 4.159928 3.327087
570.738482 505.321334 -33.787835 -6.621663 3.626609 4.991641
570.425392 505.483782 -33.529877 -7.178644 3.875029 1.978273
570.020617 505.708837 -33.590007 -8.185803 4.522914 -0.447175
569.606812 505.936074 -33.574595 -8.240801 4.576006 0.695661
569.196537 506.166437 -33.520441 -8.227831 4.565400 1.124560
568.784029 506.392614 -33.462139 -8.266631 4.507796 1.163643
568.369874 506.617217 -33.404077 -8.282327 4.540258 0.815875
567.955796 506.846640 -33.380551 -8.289474 4.552865 -0.037492
567.540927 507.072504 -33.407826 -8.281054 4.527516 -0.879864
567.127691 507.299391 -33.468538 -8.257296 4.584686 -0.918503
566.715197 507.530972 -33.499677 -8.294104 4.544762 -0.709335
566.298280 507.753868 -33.539471 -8.308926 4.515781 -0.783750
565.884305 507.982550 -33.578052 -8.268396 4.564430 -0.910421
565.471441 508.210311 -33.630513 -8.281273 4.556522 -0.813784
565.056177 508.438202 -33.659430 -8.323668 4.546395 -0.395466
564.639074 508.664950 -33.670060 -8.329748 4.557465 0.002306
564.223202 508.893949 -33.659199 -8.264761 4.625576 0.495177
563.812598 509.127508 -33.620542 -8.175221 4.504717 1.076034
563.405680 509.344421 -33.551596 -7.841453 4.233551 0.103040
563.028452 509.550863 -33.610238 -7.889623 4.327101 -0.995296
562.616718 509.777131 -33.651126 -8.244775 4.525002 -0.897494
562.203975 510.003363 -33.699988 -8.286542 4.517283 -0.419190
561.788064 510.228859 -33.693045 -8.260176 4.511529 0.672649
561.377957 510.454516 -33.632723 -6.016796 4.356411 1.749628
561.186384 510.664500 -33.518082 0.379393 6.148092 0.761777
561.415897 511.069325 -33.556545 2.728010 4.430517 -0.209838
561.459185 511.107552 -33.539066 -3.053041 0.668624 1.673700
561.110592 511.136188 -33.389175 -7.540585 2.554047 0.882322
560.705127 511.362957 -33.450833 -8.212352 4.490721 -0.810309
560.289357 511.585260 -33.470206 -8.263813 4.522787 -0.590428
559.878745 511.815235 -33.509876 -8.259379 4.588512 -0.306714
559.463419 512.044111 -33.500877 -8.135229 4.472817 1.222207
559.065223 512.262517 -33.387655 -6.231209 3.295519 4.404174
558.840298 512.373663 -33.060460 -6.333743 3.414560 2.960893
558.431848 512.603973 -33.091566 -8.220296 4.572163 -0.595763
558.018269 512.830879 -33.120036 -8.256161 4.483044 -0.892787
557.606232 513.052277 -33.180845 -8.248245 4.489101 -0.664761
557.193444 513.279789 -33.186512 -8.184277 4.555974 0.852914
556.787804 513.507875 -33.095553 -7.995036 4.433489 2.401620
556.393941 513.723138 -32.946350 -7.812004 4.235736 3.162096
556.006604 513.931448 -32.779344 -7.867029 4.285272 0.851970
555.607238 514.151665 -32.861153 -8.105253 4.457250 -1.199882
555.196079 514.377173 -32.899332 -8.240548 4.545868 -0.489299
554.783183 514.606252 -32.910083 -8.123460 4.476981 0.941160
554.383733 514.824872 -32.805216 -6.261597 3.483299 4.650024
554.157023 514.954582 -32.445081 -6.239050 3.415325 3.347146
553.759828 515.166404 -32.470501 -8.073610 4.355773 -0.549934
553.349662 515.390159 -32.500074 -8.216643 4.499475 -0.608068
552.938163 515.616352 -32.531308 -8.242370 4.526938 -0.511289
552.525425 515.842853 -32.551203 -8.247501 4.517320 -0.480977
552.113413 516.068084 -32.579406 -8.237559 4.513279 -0.587168
551.701669 516.294181 -32.609920 -8.178630 4.555183 -0.604592
551.295550 516.523602 -32.639865 -8.176472 4.528550 -0.599520
550.884022 516.747036 -32.669872 -8.217054 4.539670 -0.591515
550.473845 516.977569 -32.699017 -8.228427 4.563195 -0.511024
550.061179 517.203355 -32.720974 -8.254634 4.486839 -0.622408
549.648382 517.426253 -32.761258 -8.269658 4.505410 -0.695687
549.234214 517.653896 -32.790543 -8.291771 4.541282 -0.588114
548.819204 517.880381 -32.820069 -8.275008 4.552682 -0.671161
548.406713 518.109165 -32.857659 -8.269312 4.580329 -0.585912
547.992273 518.338414 -32.878660 -8.303290 4.530900 -0.528144
547.576384 518.562255 -32.910473 -8.273705 4.579965 -0.502959
547.164903 518.796410 -32.928956 -8.289135 4.527964 -0.389537
546.747470 519.015051 -32.949427 -8.279970 4.484054 -0.490901
546.336906 519.244816 -32.978046 -8.234788 4.532423 -0.506037
545.923991 519.468293 -33.000031 -8.202904 4.509878 -0.467063
545.516615 519.695804 -33.024752 -8.166403 4.536132 -0.604484
545.107351 519.921907 -33.060479 -8.220211 4.519821 -0.745299
544.694594 520.147786 -33.099282 -8.259898 4.535858 -0.756819
544.281361 520.375492 -33.136161 -8.261599 4.574746 -0.692195
543.868434 520.605260 -33.168502 -8.175745 4.475228 -1.491390
543.463787 520.823015 -33.285300 -7.949319 4.330013 -2.801500
543.073502 521.038261 -33.448652 -7.629899 4.169947 -0.423338
542.700797 521.240010 -33.327634 -5.481479 2.987317 5.485437
542.525354 521.336993 -32.900108 -2.687672 1.436279 8.914027
542.432030 521.383638 -32.436231 -1.489874 0.828948 9.348162
542.376367 521.419888 -31.965292 -1.137983 0.674425 9.419946
542.318231 521.451080 -31.494237 -1.021099 0.550719 9.440717
542.274257 521.474960 -31.021220 -0.748922 0.461820 9.470787
542.243339 521.497262 -30.547158 -0.684286 0.370162 9.480097
542.205829 521.511976 -30.073211 -0.706718 0.375472 9.478645
542.172667 521.534809 -29.599293 -0.626197 0.336262 9.485560
542.143209 521.545602 -29.124655 -0.586080 0.220775 9.492756
542.114059 521.556887 -28.650018 -0.519416 0.333463 9.492619
542.091267 521.578949 -28.175393 -0.466098 0.342252 9.495571
542.067450 521.591112 -27.700461 -0.477505 0.244618 9.498520
542.043517 521.603410 -27.225541 -0.495662 0.244380 9.497806
542.017883 521.615550 -26.750680 -0.408165 0.243102 9.501196
542.002700 521.627721 -26.275421 -0.393357 0.246951 9.501337
541.978548 521.640245 -25.800546 -0.423135 0.163865 9.501027
541.960387 521.644107 -25.325318 -0.385399 0.197406 9.501855
541.940008 521.659986 -24.850361 -0.445007 0.250542 9.497910
541.915886 521.669161 -24.375527 -0.473080 0.194346 9.497481
541.892700 521.679420 -23.900613 -0.381563 0.202683 9.499118
541.877730 521.689430 -23.425616 -0.326735 0.205867 9.491923
541.860026 521.700007 -22.951421 0.000000 0.000000 0.000000
541.860026 521.700007 -22.951421 0.000000 0.000000 0.000000
541.860026 521.700007 -22.951421 0.000000 0.000000 0.000000
541.860026 521.700007 -22.951421 0.000000 0.000000 0.000000
541.860026 521.700007 -22.951421 0.000000 0.000000 0.000000
541.860026 521.700007 -22.951421 0.000000 0.000000 0.000000
541.860026 521.700007 -22.951421 0.000000 0.000000 0.000000
541.860026 521.700007 -22.951421 0.000000 0.000000 0.000000
541.860026 521.700007 -22.951421 0.000000 0.000000 0.000000
541.860026 521.700007 -22.951421 0.000000 0.000000 0.000000
541.860026 521.700007 -22.951421 0.000000 0.000000 0.000000
541.860026 521.700007 -22.951421 0.000000 0.000000 0.000000
541.860026 521.700007 -22.951421 0.000000 0.000000 0.000000
541.860026 521.700007 -22.951421 0.000000 0.000000 0.000000
541.860026 521.700007 -22.951421 0.000000 0.000000 0.000000
541.860026 521.700007 -22.951421 0.000000 0.000000 0.000000
541.860026 521.700007 -22.951421 0.000000 0.000000 0.000000
541.860026 521.700007 -22.951421 0.000000 0.000000 0.000000
541.860026 521.700007 -22.951421 0.000000 0.000000 0.000000
541.860026 521.700007 -22.951421 0.000000 0.000000 0.000000
541.860026 521.700007 -22.951421 0.000000 0.000000 0.000000
541.860026 521.700007 -22.951421 0.000000 0.000000 0.000000
541.860026 521.700007 -22.951421 0.000000 0.000000 0.000000
541.860026 521.700007 -22.951421 0.000000 0.000000 0.000000
541.860026 521.700007 -22.951421 0.000000 0.000000 0.000000
541.860026 521.700007 -22.951421 0.000000 0.000000 0.000000
541.860026 521.700007 -22.951421 0.000000 0.000000 0.000000
541.860026 521.700007 -22.951421 0.000000 0.000000 0.000000
541.860026 521.700007 -22.951421 0.000000 0.000000 0.000000
541.860026 521.700007 -22.951421 0.000000 0.000000 0.000000
541.860026 521.700007 -22.951421 0.000000 0.000000 0.000000
541.860026 521.700007 -22.951421 0.000000 0.000000 0.000000
541.860026 521.700007 -22.951421 0.000000 0.000000 0.000000
541.860026 521.700007 -22.951421 0.000000 0.000000 0.000000
541.860026 521.700007 -22.951421 0.000000 0.000000 0.000000
541.860026 521.700007 -22.951421 0.000000 0.000000 0.000000
541.860026 521.700007 -22.951421 0.000000 0.000000 0.000000
541.860026 521.700007 -22.951421 0.000000 0.000000 0.000000
541.860026 521.700007 -22.951421 0.000000 0.000000 0.000000
541.860026 521.700007 -22.951421 0.000000 0.000000 0.000000
541.860026 521.700007 -22.951421 0.000000 0.000000 0.000000
541.860026 521.700007 -22.951421 0.000000 0.000000 0.000000
541.860026 521.700007 -22.951421 0.000000 0.000000 0.000000
541.860026 521.700007 -22.951421 0.000000 0.000000 0.000000
541.860026 521.700007 -22.951421 0.000000 0.000000 0.000000
541.860026 521.700007 -22.951421 0.000000 0.000000 0.000000
541.860026 521.700007 -22.951421 0.000000 0.000000 0.000000
541.860026 521.700007 -22.951421 0.000000 0.000000 0.000000
541.860026 521.700007 -22.951421 0.000000 0.000000 0.000000
541.860026 521.700007 -22.951421 0.000000 0.000000 0.000000
541.860026 521.700007 -22.951421 0.000000 0.000000 0.000000
541.860026 521.700007 -22.951421 0.000000 0.000000 0.000000
541.860026 521.700007 -22.951421 0.000000 0.000000 0.000000
541.860026 521.700007 -22.951421 0.000000 0.000000 0.000000
541.860026 521.700007 -22.951421 0.000000 0.000000 0.000000
541.860026 521.700007 -22.951421 0.000000 0.000000 0.000000
541.860026 521.700007 -22.951421 0.000000 0.000000 0.000000
541.860026 521.700007 -22.951421 0.000000 0.000000 0.000000
541.860026 521.700007 -22.951421 0.000000 0.000000 0.000000
541.860026 521.700007 -22.951421 0.000000 0.000000 0.000000
541.860026 521.700007 -22.951421 0.000000 0.000000 0.000000
541.860026 521.700007 -22.951421 0.000000 0.000000 0.000000
541.860026 521.700007 -22.951421 0.000000 0.000000 0.000000
541.860026 521.700007 -22.951421 0.000000 0.000000 0.000000
541.860026 521.700007 -22.951421 0.000000 0.000000 0.000000
541.860026 521.700007 -22.951421 0.000000 0.000000 0.000000
541.860026 521.700007 -22.951421 0.000000 0.000000 0.000000
541.860026 521.700007 -22.951421 0.000000 0.000000 0.000000
541.860026 521.700007 -22.951421 0.000000 0.000000 0.000000
541.860026 521.700007 -22.951421 0.000000 0.000000 0.000000
541.860026 521.700007 -22.951421 0.000000 0.000000 0.000000
541.860026 521.700007 -22.951421 0.000000 0.000000 0.000000
541.860026 521.700007 -22.951421 0.000000 0.000000 0.000000
541.860026 521.700007 -22.951421 0.000000 0.000000 0.000000
541.860026 521.700007 -22.951421 0.000000 0.000000 0.000000
541.860026 521.700007 -22.951421 0.000000 0.000000 0.000000
541.860026 521.700007 -22.951421 0.000000 0.000000 0.000000
541.860026 521.700007 -22.951421 0.000000 0.000000 0.000000
541.860026 521.700007 -22.951421 0.000000 0.000000 0.000000
541.860026 521.700007 -22.951421 0.000000 0.000000 0.000000
541.860026 521.700007 -22.951421 0.000000 0.000000 0.000000
541.860026 521.700007 -22.951421 0.000000 0.000000 0.000000
541.860026 521.700007 -22.951421 0.000000 0.000000 0.000000
541.860026 521.700007 -22.951421 0.000000 0.000000 0.000000
541.860026 521.700007 -22.951421 0.000000 0.000000 0.000000
541.860026 521.700007 -22.951421 0.000000 0.000000 0.000000
541.860026 521.700007 -22.951421 0.000000 0.000000 0.000000
541.860026 521.700007 -22.951421 0.000000 0.000000 0.000000
541.860026 521.700007 -22.951421 0.000000 0.000000 0.000000
541.860026 521.700007 -22.951421 0.000000 0.000000 0.000000
541.860026 521.700007 -22.951421 0.000000 0.000000 0.000000
541.860026 521.700007 -22.951421 0.000000 0.000000 0.000000
541.860026 521.700007 -22.951421 0.000000 0.000000 0.000000
541.860026 521.700007 -22.951421 0.000000 0.000000 0.000000
541.860026 521.700007 -22.951421 0.000000 0.000000 0.000000
541.860026 521.700007 -22.951421 0.000000 0.000000 0.000000
541.860026 521.700007 -22.951421 0.000000 0.000000 0.000000
541.860026 521.700007 -22.951421 0.000000 0.000000 0.000000
541.860026 521.700007 -22.951421 0.000000 0.000000 0.000000
541.860026 521.700007 -22.951421 0.000000 0.000000 0.000000
541.860026 521.700007 -22.951421 0.000000 0.000000 0.000000
541.860026 521.700007 -22.951421 0.000000 0.000000 0.000000
541.860026 521.700007 -22.951421 0.000000 0.000000 0.000000
